page_1_line_1_word_1.png,क्रांतिसिंहांच्या
page_1_line_1_word_2.png,ऐन
page_1_line_1_word_3.png,तारुण्यापर्यंतचा
page_1_line_1_word_4.png,महाराष्ट्र
page_1_line_1_word_5.png,आणि
page_1_line_1_word_6.png,सातारा
page_1_line_1_word_7.png,जिल्हा
page_1_line_2_word_1.png,१९२८-
page_1_line_2_word_2.png,१९३०
page_1_line_2_word_3.png,ते
page_1_line_2_word_4.png,१९७६
page_1_line_2_word_5.png,पर्यंत
page_1_line_2_word_6.png,संपूर्ण
page_1_line_2_word_7.png,महाराष्ट्राला
page_1_line_2_word_8.png,गवसणी
page_1_line_2_word_9.png,घालणारे
page_1_line_2_word_10.png,एक
page_1_line_3_word_1.png,वादळ
page_1_line_3_word_2.png,मराठी
page_1_line_3_word_3.png,माणसांच्या
page_1_line_3_word_4.png,"सामाजिक,"
page_1_line_3_word_5.png,राजकीय
page_1_line_3_word_6.png,आणि
page_1_line_3_word_7.png,सांस्कृतिक
page_1_line_3_word_8.png,जीवनामध्ये
page_1_line_4_word_1.png,घोंघावत
page_1_line_4_word_2.png,राहिले.
page_1_line_4_word_3.png,क्रांतिसिह
page_1_line_4_word_4.png,नाना
page_1_line_4_word_5.png,पाटील
page_1_line_4_word_6.png,हे
page_1_line_4_word_7.png,या
page_1_line_4_word_8.png,वादळाचे
page_1_line_4_word_9.png,नाव.
page_1_line_4_word_10.png,साधी
page_1_line_4_word_11.png,सुती
page_1_line_4_word_12.png,"लुंगी,"
page_1_line_5_word_1.png,सुती
page_1_line_5_word_2.png,नेहरू
page_1_line_5_word_3.png,शर्ट
page_1_line_5_word_4.png,आणि
page_1_line_5_word_5.png,धिप्पाड
page_1_line_5_word_6.png,शरीरयष्टी
page_1_line_5_word_7.png,या
page_1_line_5_word_8.png,वैशिष्ट्यांना
page_1_line_5_word_9.png,घेऊन
page_1_line_5_word_10.png,त्यांचे
page_1_line_5_word_11.png,व्यक्तिमत्त्व
page_1_line_6_word_1.png,मराठी
page_1_line_6_word_2.png,माणसांच्या
page_1_line_6_word_3.png,समुद्रात
page_1_line_6_word_4.png,माशासारखे
page_1_line_6_word_5.png,विहार
page_1_line_6_word_6.png,करीत
page_1_line_6_word_7.png,राहिले.
page_1_line_6_word_8.png,शड्डू
page_1_line_6_word_9.png,ठोकल्याशिवाय
page_1_line_7_word_1.png,त्यांनी
page_1_line_7_word_2.png,कधीच
page_1_line_7_word_3.png,भाषणाला
page_1_line_7_word_4.png,सुरुवात
page_1_line_7_word_5.png,केली
page_1_line_7_word_6.png,नाही.
page_1_line_7_word_7.png,भाषण
page_1_line_7_word_8.png,सुरू
page_1_line_7_word_9.png,झाल्यावर
page_1_line_7_word_10.png,ऐकणाऱ्याला
page_1_line_8_word_1.png,भोवतालच्या
page_1_line_8_word_2.png,वास्तवाचे
page_1_line_8_word_3.png,भानच
page_1_line_8_word_4.png,राहू
page_1_line_8_word_5.png,नये
page_1_line_8_word_6.png,इतके
page_1_line_8_word_7.png,सततच
page_1_line_8_word_8.png,मंत्रमुग्ध
page_1_line_8_word_9.png,केले.
page_1_line_8_word_10.png,त्यांच्याच
page_1_line_9_word_1.png,भाषणाला
page_1_line_9_word_2.png,"स्त्रिया,"
page_1_line_9_word_3.png,"पुरुष,"
page_1_line_9_word_4.png,"तरुण-तरुणी,"
page_1_line_9_word_5.png,मुली-मुले
page_1_line_9_word_6.png,५-
page_1_line_9_word_7.png,१०
page_1_line_9_word_8.png,गावांमधून
page_1_line_9_word_9.png,बैलगाड्या
page_1_line_10_word_1.png,जुंपून
page_1_line_10_word_2.png,आलेले
page_1_line_10_word_3.png,उभ्या
page_1_line_10_word_4.png,महाराष्ट्राने
page_1_line_10_word_5.png,अनुभवले.
page_1_line_10_word_6.png,तीन-तीन
page_1_line_10_word_7.png,तास
page_1_line_10_word_8.png,चाललेले
page_1_line_10_word_9.png,भाषण
page_1_line_10_word_10.png,संपले
page_1_line_11_word_1.png,तरी
page_1_line_11_word_2.png,अजून
page_1_line_11_word_3.png,चालूच
page_1_line_11_word_4.png,राहावे
page_1_line_11_word_5.png,अशी
page_1_line_11_word_6.png,आस
page_1_line_11_word_7.png,जनतेला
page_1_line_11_word_8.png,त्यांच्या
page_1_line_11_word_9.png,भाषणाविषयी
page_1_line_11_word_10.png,नेहमीच
page_1_line_12_word_1.png,लागायची.
page_1_line_13_word_1.png,महाराष्ट्रातल्या
page_1_line_13_word_2.png,गावागावाने
page_1_line_13_word_3.png,नाना
page_1_line_13_word_4.png,पाटलांना
page_1_line_13_word_5.png,अंगाखांद्यावर
page_1_line_13_word_6.png,वागवले.
page_1_line_13_word_7.png,त्यांना
page_1_line_14_word_1.png,"वाद्य-संगीताच्या,"
page_1_line_14_word_2.png,"लेझिमाच्या,"
page_1_line_14_word_3.png,बैलांच्या
page_1_line_14_word_4.png,घुंगरांच्या
page_1_line_14_word_5.png,तालात
page_1_line_14_word_6.png,मिरवणुकींमधून
page_1_line_14_word_7.png,मिरवले.
page_1_line_15_word_1.png,हजारो
page_1_line_15_word_2.png,कुटुंबांनी
page_1_line_15_word_3.png,त्यांना
page_1_line_15_word_5.png,जेवायला
page_1_line_15_word_6.png,घातले.
page_1_line_15_word_7.png,शेकडो
page_1_line_15_word_8.png,कुटुंबांनी
page_1_line_16_word_1.png,त्यांना
page_1_line_16_word_2.png,घरच्याप्रमाणे
page_1_line_16_word_3.png,आपल्या
page_1_line_16_word_4.png,घरांमध्ये
page_1_line_16_word_5.png,सामावून
page_1_line_16_word_6.png,घेतले.
page_1_line_16_word_7.png,त्यांचे
page_1_line_16_word_8.png,विचार
page_1_line_16_word_9.png,हजारो
page_1_line_16_word_10.png,बाल
page_1_line_17_word_1.png,"मनांवर,"
page_1_line_17_word_2.png,तरुण
page_1_line_17_word_3.png,मनांवर
page_1_line_17_word_4.png,संस्कार
page_1_line_17_word_5.png,करीत
page_1_line_17_word_6.png,गेले.
page_1_line_17_word_7.png,या
page_1_line_17_word_8.png,संस्कारातूनच
page_1_line_17_word_9.png,शेकडो
page_1_line_17_word_10.png,कार्यकर्ते
page_1_line_18_word_1.png,तयार
page_1_line_18_word_2.png,झाले.
page_1_line_18_word_3.png,जीवावर
page_1_line_18_word_4.png,उदार
page_1_line_18_word_5.png,होऊन
page_1_line_18_word_6.png,स्वातंत्र्यासाठी
page_1_line_18_word_7.png,लढणारे
page_1_line_18_word_8.png,अनेक
page_1_line_18_word_9.png,तरुण
page_1_line_18_word_10.png,क्रांतिवीर
page_1_line_19_word_1.png,त्यांच्या
page_1_line_19_word_2.png,विचारांच्या
page_1_line_19_word_3.png,प्रभावाने
page_1_line_19_word_4.png,घडत
page_1_line_19_word_5.png,गेले.
page_1_line_19_word_6.png,राबणाऱ्या
page_1_line_19_word_7.png,जनतेच्या
page_1_line_19_word_8.png,कुशीतून
page_1_line_19_word_9.png,निपजलेले
page_1_line_21_word_2.png,शेकडो
page_1_line_21_word_3.png,अर्धशिक्षित
page_1_line_21_word_4.png,होतकरी-मजूर
page_1_line_21_word_5.png,कार्यकर्ते
page_1_line_21_word_6.png,त्यांच्या
page_1_line_21_word_7.png,संस्कारांना
page_1_line_21_word_8.png,उराशी
page_1_line_21_word_9.png,कवटाळून
page_1_line_22_word_1.png,गावागावांना
page_1_line_22_word_2.png,घडवीत
page_1_line_22_word_3.png,गेले.
page_1_line_22_word_4.png,चळवळीची
page_1_line_22_word_5.png,केंद्रे
page_1_line_22_word_6.png,असलेली
page_1_line_22_word_7.png,गावे
page_1_line_22_word_8.png,उभारत.गेले.
page_1_line_23_word_1.png,पुस्तके
page_1_line_23_word_2.png,वाचण्याबरोबर
page_1_line_23_word_3.png,जीवन
page_1_line_23_word_4.png,कसे
page_1_line_23_word_5.png,वाचायचे
page_1_line_23_word_6.png,याची
page_1_line_23_word_7.png,शाळा
page_1_line_23_word_8.png,क्रांतिसिह
page_1_line_23_word_9.png,नाना
page_1_line_24_word_1.png,पाटलांनी
page_1_line_24_word_2.png,४७-४८
page_1_line_24_word_3.png,वर्षे
page_1_line_24_word_4.png,सलगपणे
page_1_line_24_word_5.png,चालवली.
page_1_line_24_word_6.png,अनेक
page_1_line_24_word_7.png,चढउतार
page_1_line_24_word_8.png,त्यांच्या
page_1_line_24_word_9.png,जीवनातआले.
page_1_line_25_word_1.png,व्यक्तिगत
page_1_line_25_word_2.png,जीवनातही
page_1_line_25_word_3.png,अनेक
page_1_line_25_word_4.png,आघात
page_1_line_25_word_5.png,झेलावे
page_1_line_25_word_6.png,लागले.
page_1_line_25_word_7.png,आपले
page_1_line_25_word_8.png,म्हणवणाऱ्या
page_1_line_26_word_1.png,माणसांकडून
page_1_line_26_word_2.png,जखमा
page_1_line_26_word_3.png,सहन
page_1_line_26_word_4.png,कराव्या
page_1_line_26_word_5.png,लागल्या.
page_1_line_26_word_6.png,क्रांतिसिंहाच्या
page_1_line_26_word_7.png,चेहऱ्यावर
page_1_line_26_word_8.png,दुःख
page_1_line_26_word_9.png,कधी
page_1_line_27_word_1.png,दिसले
page_1_line_27_word_2.png,नाही.
page_1_line_27_word_3.png,स्वतःच्या
page_1_line_27_word_4.png,दुःखांवरही
page_1_line_27_word_5.png,विनोद
page_1_line_27_word_6.png,"करीत,"
page_1_line_27_word_7.png,जनतेच्या
page_1_line_27_word_8.png,दुःखांची
page_1_line_27_word_9.png,उकलही
page_1_line_28_word_1.png,विनोदाने
page_1_line_28_word_2.png,घडवत
page_1_line_28_word_3.png,त्यांनी
page_1_line_28_word_4.png,क्रांतिकारी
page_1_line_28_word_5.png,विचारच
page_1_line_28_word_6.png,पेरला.
page_1_line_28_word_7.png,आशा
page_1_line_28_word_8.png,पेरली.
page_1_line_28_word_9.png,निराशा
page_1_line_28_word_10.png,कधीच
page_1_line_29_word_1.png,पेरली
page_1_line_29_word_2.png,नाही.
page_1_line_29_word_3.png,महात्मा
page_1_line_29_word_4.png,"फुले,"
page_1_line_29_word_5.png,राजर्षी
page_1_line_29_word_6.png,शाहू
page_1_line_29_word_7.png,आणि
page_1_line_29_word_8.png,डॉ.
page_1_line_29_word_9.png,बाबासाहेब
page_1_line_29_word_10.png,आंबेडकरांच्या
page_2_line_1_word_1.png,महाराष्ट्रामध्ये
page_2_line_1_word_2.png,हे
page_2_line_1_word_3.png,एक
page_2_line_1_word_4.png,आगळे
page_2_line_1_word_5.png,ऐतिहासिक
page_2_line_1_word_6.png,अक्रित
page_2_line_1_word_7.png,घडले.
page_2_line_1_word_8.png,महाराष्ट्राच्या
page_2_line_1_word_9.png,इतिहासाने
page_2_line_2_word_1.png,त्यांना
page_2_line_2_word_2.png,घडवले
page_2_line_2_word_3.png,आणि
page_2_line_2_word_4.png,त्यांनी
page_2_line_2_word_5.png,महाराष्ट्राचा
page_2_line_2_word_6.png,इतिहास
page_2_line_2_word_7.png,घडवला.
page_2_line_3_word_1.png,महात्मा
page_2_line_3_word_2.png,जोतीबा
page_2_line_3_word_3.png,फुले
page_2_line_3_word_4.png,यांनी
page_2_line_3_word_5.png,आपली
page_2_line_3_word_6.png,बहुतांश
page_2_line_3_word_7.png,काव्यरचना
page_2_line_3_word_8.png,'अखंड'
page_2_line_3_word_9.png,यास्वरूपात
page_2_line_4_word_1.png,केली.
page_2_line_4_word_2.png,विद्रोही
page_2_line_4_word_3.png,संत
page_2_line_4_word_4.png,तुकारामांच्या
page_2_line_4_word_5.png,'अभंग'
page_2_line_4_word_6.png,काव्यरचनेचा
page_2_line_4_word_7.png,महान
page_2_line_4_word_8.png,वारसा
page_2_line_4_word_9.png,सांगत
page_2_line_5_word_1.png,जोतीबांनी
page_2_line_5_word_2.png,'अखंड'
page_2_line_5_word_3.png,लिहिले.
page_2_line_5_word_4.png,३
page_2_line_5_word_5.png,ऑगष्ट
page_2_line_5_word_6.png,१९००
page_2_line_5_word_7.png,रोजी
page_2_line_5_word_8.png,वाळवे
page_2_line_5_word_9.png,तालुक्‍यातील
page_2_line_5_word_10.png,यडे
page_2_line_5_word_11.png,मच्छिंद्र
page_2_line_6_word_1.png,या
page_2_line_6_word_2.png,खेड्यात
page_2_line_6_word_3.png,जन्माला
page_2_line_6_word_4.png,आलेल्या
page_2_line_6_word_5.png,नाना
page_2_line_6_word_6.png,पाटलांनी
page_2_line_6_word_7.png,'अखंड'
page_2_line_6_word_8.png,क्रांतिकारी
page_2_line_6_word_9.png,जीवन
page_2_line_6_word_10.png,जगून
page_2_line_7_word_1.png,विद्रोही
page_2_line_7_word_2.png,संत
page_2_line_7_word_3.png,तुकाराम
page_2_line_7_word_4.png,आणि
page_2_line_7_word_5.png,महात्मा
page_2_line_7_word_6.png,फुले
page_2_line_7_word_7.png,यांची
page_2_line_7_word_8.png,परंपरा
page_2_line_7_word_9.png,आधुनिक
page_2_line_7_word_10.png,काळात
page_2_line_7_word_11.png,पुढे
page_2_line_7_word_12.png,नेली.
page_2_line_8_word_1.png,तत्कालीन
page_2_line_8_word_2.png,सातारा
page_2_line_8_word_3.png,जिल्ह्याची
page_2_line_8_word_4.png,क्रांतिकारी
page_2_line_8_word_5.png,परंपरा
page_2_line_8_word_6.png,उज्ज्वल
page_2_line_8_word_7.png,केली.
page_2_line_8_word_8.png,१५
page_2_line_8_word_9.png,ऑगष्ट
page_2_line_8_word_10.png,१९४७
page_2_line_9_word_1.png,नंतर
page_2_line_9_word_2.png,'शेतकरी
page_2_line_9_word_3.png,कामगार
page_2_line_9_word_4.png,"पक्ष',"
page_2_line_9_word_5.png,'कामगार
page_2_line_9_word_6.png,किसान
page_2_line_9_word_7.png,पक्ष'
page_2_line_9_word_8.png,आणि
page_2_line_9_word_9.png,'कम्युनिस्ट
page_2_line_9_word_10.png,पक्ष'
page_2_line_9_word_11.png,असा
page_2_line_10_word_1.png,प्रवास
page_2_line_10_word_2.png,करून
page_2_line_10_word_3.png,आंतरराष्ट्रीय
page_2_line_10_word_4.png,क्रांतिकारी
page_2_line_10_word_5.png,परंपरेशी
page_2_line_10_word_6.png,नाते
page_2_line_10_word_7.png,जोडले.
page_2_line_11_word_1.png,देशी
page_2_line_12_word_1.png,क्रांतिकारकत्वाला
page_2_line_12_word_2.png,धक्का
page_2_line_12_word_3.png,न
page_2_line_12_word_4.png,लावता
page_2_line_12_word_5.png,आंतरराष्ट्रीय
page_2_line_12_word_6.png,क्रांतिकारक
page_2_line_12_word_7.png,विचारांचा
page_2_line_12_word_8.png,स्विकार
page_2_line_13_word_1.png,केला.
page_2_line_13_word_2.png,अशा
page_2_line_13_word_3.png,क्रांतिसिह
page_2_line_13_word_4.png,नाना
page_2_line_13_word_5.png,पाटील
page_2_line_13_word_6.png,यांचा
page_2_line_13_word_7.png,जन्म
page_2_line_13_word_8.png,ज्या
page_2_line_13_word_9.png,काळात
page_2_line_13_word_10.png,झाला
page_2_line_13_word_11.png,त्या
page_2_line_13_word_12.png,काळात
page_2_line_14_word_1.png,त्यांच्यावर
page_2_line_14_word_2.png,संस्कार
page_2_line_14_word_3.png,करणारा
page_2_line_14_word_4.png,महाराष्ट्र
page_2_line_14_word_5.png,आणि
page_2_line_14_word_6.png,सातारा
page_2_line_14_word_7.png,जिल्हा
page_2_line_14_word_8.png,कोणत्या
page_2_line_14_word_9.png,"सामाजिक,"
page_2_line_15_word_1.png,राजकीय
page_2_line_15_word_2.png,आणि
page_2_line_15_word_3.png,आर्थिक
page_2_line_15_word_4.png,अवस्थेत
page_2_line_15_word_5.png,होता
page_2_line_15_word_6.png,हे
page_2_line_15_word_7.png,समजून
page_2_line_15_word_8.png,घेणे
page_2_line_15_word_9.png,महत्त्वाचे
page_2_line_15_word_10.png,आहे.
page_2_line_16_word_1.png,महात्मा
page_2_line_16_word_2.png,फुलेंच्या
page_2_line_16_word_3.png,मृत्युनंतर
page_2_line_16_word_4.png,दहा
page_2_line_16_word_5.png,वर्षांनी
page_2_line_16_word_6.png,नाना
page_2_line_16_word_7.png,पाटलांचा
page_2_line_16_word_8.png,जन्म
page_2_line_16_word_9.png,झाला.
page_2_line_16_word_10.png,राजर्षी
page_2_line_17_word_1.png,"शाहुमहाराजांनी ब्राह्मण,"
page_2_line_17_word_2.png,"प्रभु,"
page_2_line_17_word_3.png,"पारशी,"
page_2_line_17_word_4.png,शेणवी
page_2_line_17_word_5.png,अशा
page_2_line_17_word_6.png,पुढारलेल्या
page_2_line_17_word_7.png,जात-धर्म
page_2_line_17_word_8.png,विभागांच्या
page_2_line_18_word_1.png,लोकांना
page_2_line_18_word_2.png,वगळून
page_2_line_18_word_3.png,इतर
page_2_line_18_word_4.png,सर्वासाठी
page_2_line_18_word_5.png,राखीव
page_2_line_18_word_6.png,जागा
page_2_line_18_word_7.png,ठेवण्याचा
page_2_line_18_word_8.png,जगाच्या
page_2_line_18_word_9.png,पातळीवर
page_2_line_19_word_1.png,महत्त्वाचा
page_2_line_19_word_2.png,ठरणारा
page_2_line_19_word_3.png,ऐतिहासिक
page_2_line_19_word_4.png,निर्णय
page_2_line_19_word_5.png,घेतला
page_2_line_19_word_6.png,तो
page_2_line_19_word_7.png,क्रांतिसिंहाच्या
page_2_line_19_word_8.png,जन्मानंतर
page_2_line_19_word_9.png,दोनच
page_2_line_20_word_1.png,वर्षांनी
page_2_line_20_word_2.png,म्हणजे
page_2_line_20_word_3.png,१९०२
page_2_line_20_word_4.png,साली.
page_2_line_20_word_5.png,नाना
page_2_line_20_word_6.png,पाटील
page_2_line_20_word_7.png,ऐन
page_2_line_20_word_8.png,तारुण्याच्या
page_2_line_20_word_9.png,उंबरठ्यावर
page_2_line_20_word_10.png,"असताना,"
page_2_line_21_word_1.png,१९१९
page_2_line_21_word_2.png,ते
page_2_line_21_word_3.png,१९२१
page_2_line_21_word_4.png,या
page_2_line_21_word_5.png,"काळात,"
page_2_line_21_word_6.png,सातारा
page_2_line_21_word_7.png,जिल्ह्यातील
page_2_line_21_word_8.png,कूळ
page_2_line_21_word_9.png,शेतकरी आणि
page_2_line_21_word_10.png,बलुतेदारांचा
page_2_line_22_word_1.png,संयुक्त
page_2_line_22_word_2.png,संप
page_2_line_22_word_3.png,आणि
page_2_line_22_word_4.png,संघर्ष
page_2_line_22_word_5.png,ग्रामीण
page_2_line_22_word_6.png,भागातील
page_2_line_22_word_7.png,परिवर्तनाची
page_2_line_22_word_8.png,वाट
page_2_line_22_word_9.png,उजळून
page_2_line_22_word_10.png,गेला.
page_2_line_22_word_11.png,१९१०
page_2_line_23_word_1.png,सालापासून
page_2_line_23_word_2.png,पुढे
page_2_line_23_word_3.png,सातारा
page_2_line_23_word_4.png,जिल्ह्यात
page_2_line_23_word_5.png,सत्यशोधक
page_2_line_23_word_6.png,तमाशांचे
page_2_line_23_word_7.png,कसदार
page_2_line_23_word_8.png,पीक
page_2_line_23_word_9.png,उभारून
page_2_line_23_word_10.png,येऊ
page_2_line_24_word_1.png,लागले.
page_2_line_24_word_2.png,लहान-थोरांवर
page_2_line_24_word_3.png,संस्कार
page_2_line_24_word_4.png,करू
page_2_line_24_word_5.png,लागले.
page_2_line_24_word_6.png,मुकुंदराव
page_2_line_24_word_7.png,"पाटील,"
page_2_line_24_word_8.png,श्रीपतराव
page_2_line_24_word_9.png,"शिंदे,"
page_2_line_25_word_1.png,दिनकरराव
page_2_line_25_word_2.png,जवळकर
page_2_line_25_word_3.png,अशा
page_2_line_25_word_4.png,सत्यशोधक
page_2_line_25_word_5.png,ब्राह्मणेतर
page_2_line_25_word_6.png,म्होरक्‍यांनी
page_2_line_25_word_7.png,काढलेली
page_2_line_26_word_1.png,नियतकालिके
page_2_line_26_word_2.png,याच
page_2_line_26_word_3.png,काळात
page_2_line_26_word_4.png,प्रसारित
page_2_line_26_word_5.png,होत
page_2_line_26_word_6.png,होती.
page_2_line_26_word_7.png,त्याचबरोबर
page_2_line_26_word_8.png,महात्मा
page_2_line_26_word_9.png,गांधींसारखे
page_2_line_27_word_1.png,बहुजन
page_2_line_27_word_2.png,स्त्री-पुरुषांपर्यंत
page_2_line_27_word_3.png,पोहोचणारे
page_2_line_27_word_4.png,धोरणी
page_2_line_27_word_5.png,नेतृत्व
page_2_line_27_word_6.png,राष्ट्रीय
page_2_line_27_word_7.png,काँग्रेसमध्ये
page_2_line_27_word_8.png,उगम
page_2_line_28_word_1.png,पावण्याच्या
page_2_line_28_word_2.png,काळात
page_2_line_28_word_3.png,क्रांतिसिंह
page_2_line_28_word_4.png,२०-३०
page_2_line_28_word_5.png,वर्षांचे
page_2_line_28_word_6.png,होते.
page_3_line_1_word_1.png,समजायला
page_3_line_1_word_2.png,लागल्यापासून
page_3_line_1_word_3.png,नानांच्या
page_3_line_1_word_4.png,मनावर
page_3_line_1_word_5.png,कोणते
page_3_line_1_word_6.png,संस्कार
page_3_line_1_word_7.png,झाले
page_3_line_1_word_8.png,हे
page_3_line_1_word_9.png,फार
page_3_line_2_word_1.png,महत्त्वाचे
page_3_line_2_word_2.png,आहे.
page_3_line_2_word_3.png,कारण
page_3_line_2_word_4.png,त्यातूनच
page_3_line_2_word_5.png,त्यांची
page_3_line_2_word_6.png,मनोभूमिका
page_3_line_2_word_7.png,प्रामुख्याने
page_3_line_2_word_8.png,ठरत
page_3_line_2_word_9.png,गेली.
page_3_line_2_word_10.png,हे
page_3_line_2_word_11.png,संस्कार
page_3_line_3_word_1.png,वेगवेगळ्या
page_3_line_3_word_2.png,अंगानी
page_3_line_3_word_3.png,घडतात.
page_3_line_3_word_4.png,भोवतालची
page_3_line_3_word_5.png,सामाजिक-आर्थिक
page_3_line_3_word_6.png,परिस्थिती
page_3_line_3_word_7.png,आपोआपच
page_3_line_4_word_1.png,परिणाम
page_3_line_4_word_2.png,करीत
page_3_line_4_word_3.png,असते.
page_3_line_4_word_4.png,समाजातल्या
page_3_line_4_word_5.png,"सामाजिक,"
page_3_line_4_word_6.png,सांस्कृतिक
page_3_line_4_word_7.png,आणि
page_3_line_4_word_8.png,राजकीय
page_3_line_5_word_1.png,संघटना
page_3_line_5_word_2.png,जाणीवपूर्वक
page_3_line_5_word_3.png,परिणाम
page_3_line_5_word_4.png,घडवीत
page_3_line_5_word_5.png,असतात.
page_3_line_5_word_6.png,परिसराच्या
page_3_line_5_word_7.png,आणि
page_3_line_5_word_8.png,घराच्या
page_3_line_6_word_1.png,ऐतिहासिक
page_3_line_6_word_2.png,परंपरासुद्धा
page_3_line_6_word_3.png,मने
page_3_line_6_word_4.png,घडवीत
page_3_line_6_word_5.png,असतात.
page_3_line_6_word_6.png,क्रांतिसिंहांचे
page_3_line_6_word_7.png,चरित्र
page_3_line_6_word_8.png,आणि
page_3_line_6_word_9.png,चारित्र्य
page_3_line_7_word_1.png,याच
page_3_line_7_word_2.png,प्रक्रियेतून
page_3_line_7_word_3.png,घडत
page_3_line_7_word_4.png,गेले.
page_3_line_8_word_1.png,त्यावेळच्या
page_3_line_8_word_2.png,सामाजिक-आर्थिक
page_3_line_8_word_3.png,रचना
page_3_line_9_word_1.png,त्या
page_3_line_9_word_2.png,वेळचा
page_3_line_9_word_3.png,महाराष्ट्र
page_3_line_9_word_4.png,जातीय
page_3_line_9_word_5.png,उतरंडीतून
page_3_line_9_word_6.png,होणाऱ्या
page_3_line_9_word_7.png,पिळणुकीने
page_3_line_9_word_8.png,गांजलेला
page_3_line_10_word_1.png,होता.
page_3_line_10_word_2.png,मुंबईसारखे
page_3_line_10_word_3.png,शहर
page_3_line_10_word_4.png,विकसित
page_3_line_10_word_5.png,होत
page_3_line_10_word_6.png,होते.
page_3_line_10_word_7.png,कारखानदारी
page_3_line_10_word_8.png,नावाची
page_3_line_10_word_9.png,नवीनच
page_3_line_11_word_1.png,भांडवली
page_3_line_11_word_2.png,गोष्ट
page_3_line_11_word_3.png,उदयाला
page_3_line_11_word_4.png,आली
page_3_line_11_word_5.png,होती.
page_3_line_11_word_6.png,देशाला
page_3_line_11_word_7.png,गुलाम
page_3_line_11_word_8.png,करणाऱ्या
page_3_line_11_word_9.png,इंग्रजांनी
page_3_line_11_word_10.png,इथे
page_3_line_12_word_1.png,कारखानदारी
page_3_line_12_word_2.png,आणि
page_3_line_12_word_3.png,भांडवलशाही
page_3_line_12_word_4.png,आयात
page_3_line_12_word_5.png,करून
page_3_line_12_word_6.png,लादली
page_3_line_12_word_7.png,होती.
page_3_line_12_word_8.png,तरीसुद्धा
page_3_line_13_word_1.png,महाराष्ट्रातील
page_3_line_13_word_2.png,नव्वद
page_3_line_13_word_3.png,टक्‍क्‍यांपेक्षा
page_3_line_13_word_4.png,जास्त
page_3_line_13_word_5.png,जनता
page_3_line_13_word_6.png,ग्रामीण
page_3_line_13_word_7.png,भागातच
page_3_line_13_word_8.png,राहत
page_3_line_13_word_9.png,होती.
page_3_line_14_word_1.png,"ब्राह्मण,"
page_3_line_14_word_2.png,स्वतःला
page_3_line_14_word_3.png,उच्चकुळीन
page_3_line_14_word_4.png,समजणारे
page_3_line_14_word_5.png,"मराठे,"
page_3_line_14_word_6.png,शेतकरी
page_3_line_14_word_7.png,मराठे
page_3_line_14_word_8.png,किंवा
page_3_line_14_word_9.png,कुणबी-
page_3_line_15_word_1.png,"कुरवाडी,"
page_3_line_15_word_2.png,"माळी,"
page_3_line_15_word_3.png,"धनगर,"
page_3_line_15_word_4.png,"सुतार,"
page_3_line_15_word_5.png,"लोहार,"
page_3_line_15_word_6.png,"शिंपी,"
page_3_line_15_word_7.png,"कोष्टी,"
page_3_line_15_word_8.png,"भोई,"
page_3_line_15_word_9.png,"सोनार,"
page_3_line_15_word_10.png,"कुंभार,"
page_3_line_15_word_11.png,"परीट,"
page_3_line_16_word_1.png,"न्हावी,"
page_3_line_16_word_2.png,"घिसाडी,"
page_3_line_16_word_3.png,कोळी
page_3_line_16_word_4.png,अशा
page_3_line_16_word_5.png,स्पृश्य
page_3_line_16_word_6.png,बलुतेदार
page_3_line_16_word_7.png,जाती
page_3_line_16_word_8.png,आणि
page_3_line_16_word_9.png,तळाला
page_3_line_16_word_10.png,"महार,"
page_3_line_16_word_11.png,"मांग,"
page_3_line_17_word_1.png,"चांभार,"
page_3_line_17_word_2.png,ढोर
page_3_line_17_word_3.png,अशा
page_3_line_17_word_4.png,अस्पृश्य
page_3_line_17_word_5.png,जाती
page_3_line_17_word_6.png,या
page_3_line_17_word_7.png,शोषणाच्या
page_3_line_17_word_8.png,उतरंडीत
page_3_line_17_word_9.png,समाज
page_3_line_17_word_10.png,बांधलेला
page_3_line_17_word_11.png,होता.
page_3_line_18_word_1.png,ब्राह्मण्यवादी
page_3_line_18_word_2.png,धर्माने
page_3_line_18_word_3.png,घालून
page_3_line_18_word_4.png,दिलेले
page_3_line_18_word_5.png,नीतिनियम
page_3_line_18_word_6.png,पाळण्याची
page_3_line_18_word_7.png,सक्ती
page_3_line_18_word_8.png,सार्वत्रिक
page_3_line_18_word_9.png,होती.
page_3_line_19_word_1.png,जातिव्यवस्थेचे
page_3_line_19_word_2.png,नियम
page_3_line_19_word_3.png,मोडले
page_3_line_19_word_4.png,तर
page_3_line_19_word_5.png,वाळीत
page_3_line_19_word_6.png,टाकले
page_3_line_19_word_7.png,जात
page_3_line_19_word_8.png,होते.
page_3_line_19_word_9.png,म्हणजेच
page_3_line_19_word_10.png,सामाजिक
page_3_line_20_word_1.png,व्यवहारापासून
page_3_line_20_word_2.png,तोडून
page_3_line_20_word_3.png,एकटे
page_3_line_20_word_4.png,पाडले
page_3_line_20_word_5.png,जात
page_3_line_20_word_6.png,होते.
page_3_line_20_word_7.png,जगणे
page_3_line_20_word_8.png,कठीण
page_3_line_20_word_9.png,केले
page_3_line_20_word_10.png,जात
page_3_line_20_word_11.png,होते.
page_3_line_21_word_1.png,मुंबईला
page_3_line_21_word_2.png,जाऊन
page_3_line_21_word_3.png,"गिरण्या-कारखान्यात,"
page_3_line_21_word_4.png,रेल्वेत
page_3_line_21_word_5.png,कामगार
page_3_line_21_word_6.png,होणे
page_3_line_21_word_7.png,हा
page_3_line_21_word_8.png,या
page_3_line_21_word_9.png,पिळणुकीतून
page_3_line_22_word_1.png,काही
page_3_line_22_word_2.png,प्रमाणात
page_3_line_22_word_3.png,बाहेर
page_3_line_22_word_4.png,जाऊन
page_3_line_22_word_5.png,जगण्याचा
page_3_line_22_word_6.png,एक
page_3_line_22_word_7.png,नवा
page_3_line_22_word_8.png,मार्ग
page_3_line_22_word_9.png,होता.
page_3_line_23_word_1.png,येडे
page_3_line_23_word_2.png,मच्छिंद्र
page_3_line_23_word_3.png,हे
page_3_line_23_word_4.png,क्रांतिसिंहांचे
page_3_line_23_word_5.png,जन्मगाव.
page_3_line_23_word_6.png,या
page_3_line_23_word_7.png,गावाचे
page_3_line_23_word_8.png,शिवार
page_3_line_23_word_9.png,कृष्णा
page_3_line_23_word_10.png,नदीच्या
page_3_line_24_word_1.png,काठावर
page_3_line_24_word_2.png,असले
page_3_line_24_word_3.png,तरी
page_3_line_24_word_4.png,हे
page_3_line_24_word_5.png,गाव
page_3_line_24_word_6.png,डोंगराजवळ
page_3_line_24_word_7.png,वसलेले
page_3_line_24_word_8.png,आहे.
page_3_line_24_word_9.png,या
page_3_line_24_word_10.png,गावा
page_3_line_24_word_11.png,शेजारीच
page_3_line_24_word_12.png,मच्छिंद्र
page_3_line_25_word_1.png,गड'
page_3_line_25_word_2.png,नावाचा
page_3_line_25_word_3.png,किल्ला
page_3_line_25_word_4.png,आहे.
page_3_line_25_word_5.png,नाथ
page_3_line_25_word_6.png,पंथातील
page_3_line_25_word_7.png,मच्छिंद्रनाथांचे
page_3_line_25_word_8.png,ठाणेसुद्धा
page_3_line_25_word_9.png,या
page_3_line_25_word_10.png,किल्ल्यावर
page_3_line_26_word_1.png,आहे.
page_3_line_26_word_2.png,महाराष्ट्रात
page_3_line_26_word_3.png,जातिव्यवस्थेविरोधी
page_3_line_26_word_4.png,जे
page_3_line_26_word_5.png,प्रवाह
page_3_line_26_word_6.png,झाले
page_3_line_26_word_7.png,त्यातलाच
page_3_line_26_word_8.png,नाथ
page_3_line_26_word_9.png,पंथ
page_3_line_26_word_10.png,होता
page_3_line_26_word_11.png,हे
page_3_line_27_word_1.png,या
page_3_line_27_word_2.png,ठिकाणी
page_3_line_27_word_3.png,लक्षात
page_3_line_27_word_4.png,घेतले
page_3_line_27_word_5.png,पाहिजे.
page_3_line_27_word_6.png,गावाचे
page_3_line_27_word_7.png,नावसुद्धा
page_3_line_27_word_8.png,मच्छिंद्रनाथांचा
page_3_line_27_word_9.png,समावेश
page_3_line_28_word_1.png,करणारे
page_3_line_28_word_2.png,आहे.
page_3_line_28_word_3.png,क्रांतिसिंह
page_3_line_28_word_4.png,अनेक
page_3_line_28_word_5.png,वेळा
page_3_line_28_word_6.png,'येडे'
page_3_line_28_word_7.png,या
page_3_line_28_word_8.png,नावावरून
page_3_line_28_word_9.png,स्वतःच्या
page_3_line_28_word_10.png,भाषणात
page_3_line_28_word_11.png,विनोद
page_4_line_1_word_1.png,करीत
page_4_line_1_word_2.png,असत.
page_4_line_1_word_3.png,"येड्याचा""एवढे"
page_4_line_1_word_4.png,म्हणण्यातूनही
page_4_line_1_word_6.png,समुदायाला
page_4_line_1_word_7.png,हसू फुटत
page_4_line_1_word_8.png,असे.
page_4_line_2_word_1.png,इतर
page_4_line_2_word_2.png,गावांप्रमाणेच
page_4_line_2_word_3.png,याही
page_4_line_2_word_4.png,गावाची
page_4_line_2_word_5.png,"माणसे,"
page_4_line_2_word_6.png,त्या
page_4_line_2_word_7.png,काळी
page_4_line_2_word_8.png,"शेतातून,"
page_4_line_2_word_9.png,येणाऱ्या उत्पन्नावर
page_4_line_3_word_1.png,संसार
page_4_line_3_word_2.png,चालत
page_4_line_3_word_3.png,नाही
page_4_line_3_word_4.png,म्हणून
page_4_line_3_word_5.png,मुंबईला
page_4_line_3_word_6.png,मजुरी
page_4_line_3_word_7.png,करायला
page_4_line_3_word_8.png,जात
page_4_line_3_word_9.png,असत.
page_4_line_3_word_10.png,कृष्णा
page_4_line_3_word_11.png,नदी
page_4_line_3_word_12.png,जरी
page_4_line_4_word_1.png,जवळ
page_4_line_4_word_2.png,असली
page_4_line_4_word_3.png,तरी
page_4_line_4_word_4.png,तिचे
page_4_line_4_word_5.png,पाणी
page_4_line_4_word_6.png,शेती
page_4_line_4_word_7.png,बागायतीखाली
page_4_line_4_word_8.png,आणायला
page_4_line_4_word_9.png,उपयोगी
page_4_line_4_word_10.png,पडत
page_4_line_4_word_11.png,नव्हते.
page_4_line_5_word_1.png,१९६७-१९७१
page_4_line_5_word_2.png,पासून
page_4_line_5_word_3.png,पुढेच
page_4_line_5_word_4.png,उपसासिंचन
page_4_line_5_word_5.png,योजनांमुळे
page_4_line_5_word_6.png,या
page_4_line_5_word_7.png,परिसरातील
page_4_line_5_word_8.png,शेतीला
page_4_line_6_word_1.png,बारमाही
page_4_line_6_word_2.png,पाणी
page_4_line_6_word_3.png,मिळू
page_4_line_6_word_4.png,लागले.
page_4_line_6_word_5.png,क्रांतिसिंहांच्या
page_4_line_6_word_6.png,आडनावात
page_4_line_6_word_7.png,'पाटील'
page_4_line_6_word_8.png,असले
page_4_line_6_word_9.png,तरी
page_4_line_6_word_10.png,त्यांचा
page_4_line_7_word_1.png,जन्म
page_4_line_7_word_2.png,कष्टकरी
page_4_line_7_word_3.png,शेतकरी
page_4_line_7_word_4.png,कुटुंबात
page_4_line_7_word_5.png,झाला
page_4_line_7_word_6.png,होता.
page_4_line_7_word_7.png,सर्व
page_4_line_7_word_8.png,कुटुंब
page_4_line_7_word_9.png,शेतावर
page_4_line_7_word_10.png,राबून
page_4_line_7_word_11.png,शेती
page_4_line_7_word_12.png,करते
page_4_line_8_word_1.png,अशी
page_4_line_8_word_2.png,स्थिती
page_4_line_8_word_3.png,होती.
page_4_line_8_word_4.png,ब्राह्मणी
page_4_line_8_word_5.png,व्यवस्था
page_4_line_8_word_6.png,अशा
page_4_line_8_word_7.png,सर्व
page_4_line_8_word_8.png,आडनाव-पाटलांना
page_4_line_8_word_9.png,कुणबी-
page_4_line_9_word_1.png,कुरवाडीच
page_4_line_9_word_2.png,म्हणत
page_4_line_9_word_3.png,होती.
page_4_line_9_word_4.png,१८८१
page_4_line_9_word_5.png,च्या
page_4_line_9_word_6.png,बॉम्बे
page_4_line_9_word_7.png,प्रेसिडेंसीच्या
page_4_line_9_word_8.png,गॅझेटियरमध्ये
page_4_line_9_word_9.png,सातारा
page_4_line_10_word_1.png,जिल्ह्याची
page_4_line_10_word_2.png,लोकसंख्या
page_4_line_10_word_3.png,"१०,६२,३५०"
page_4_line_10_word_4.png,होती
page_4_line_10_word_5.png,आणि
page_4_line_10_word_6.png,कुणबी
page_4_line_10_word_7.png,समाजाची
page_4_line_10_word_8.png,संख्या
page_4_line_11_word_1.png,"५,८३,५६९"
page_4_line_11_word_2.png,होती
page_4_line_11_word_3.png,असे
page_4_line_11_word_4.png,नमूद
page_4_line_11_word_5.png,केले
page_4_line_11_word_6.png,आहे.
page_4_line_11_word_7.png,म्हणजेच
page_4_line_11_word_8.png,हा
page_4_line_11_word_9.png,समाज
page_4_line_11_word_10.png,५४.९
page_4_line_11_word_11.png,टक्के
page_4_line_11_word_12.png,एवढा
page_4_line_11_word_13.png,होता.
page_4_line_12_word_1.png,१८८१
page_4_line_12_word_2.png,च्या
page_4_line_12_word_3.png,गॅझेटमधे
page_4_line_12_word_4.png,'मराठा'
page_4_line_12_word_5.png,म्हणून
page_4_line_12_word_6.png,वेगळी
page_4_line_12_word_7.png,जात
page_4_line_12_word_8.png,नमूद
page_4_line_12_word_9.png,नाही.
page_4_line_12_word_10.png,आज
page_4_line_12_word_11.png,सातारा
page_4_line_12_word_12.png,जिल्ह्यात
page_4_line_13_word_1.png,स्वतःला
page_4_line_13_word_2.png,कुणबी
page_4_line_13_word_3.png,म्हणवणारे
page_4_line_13_word_4.png,कुणीच
page_4_line_13_word_5.png,सापडणार
page_4_line_13_word_6.png,नाही!
page_4_line_13_word_7.png,इनामदार
page_4_line_13_word_8.png,घरातील
page_4_line_13_word_9.png,विद्रोही
page_4_line_14_word_1.png,संत
page_4_line_14_word_2.png,तुकारामापासून
page_4_line_14_word_3.png,ते
page_4_line_14_word_4.png,छत्रपती
page_4_line_14_word_5.png,शिवाजीमहाराज
page_4_line_14_word_6.png,आणि
page_4_line_14_word_7.png,राजर्षी
page_4_line_14_word_8.png,शाहूमहाराजांपर्यंत
page_4_line_15_word_1.png,सर्वांना
page_4_line_15_word_2.png,शूद्र
page_4_line_15_word_3.png,आणि
page_4_line_15_word_4.png,कुणबी
page_4_line_15_word_5.png,संबोधण्याचा
page_4_line_15_word_6.png,इतिहास
page_4_line_15_word_7.png,आहेच!
page_4_line_15_word_9.png,थोडक्यात
page_4_line_15_word_10.png,क्रांतिसिंह
page_4_line_16_word_1.png,राबणाऱ्या
page_4_line_16_word_2.png,वर्ग-जातीत
page_4_line_16_word_3.png,जन्मले
page_4_line_16_word_4.png,होते
page_4_line_16_word_5.png,आणि
page_4_line_16_word_6.png,त्या
page_4_line_16_word_7.png,कालात
page_4_line_16_word_8.png,या
page_4_line_16_word_9.png,जातीला
page_4_line_16_word_10.png,शूद्रच
page_4_line_16_word_11.png,समजले
page_4_line_17_word_1.png,जात
page_4_line_17_word_2.png,होते.
page_4_line_18_word_1.png,त्या
page_4_line_18_word_2.png,वेळच्या
page_4_line_18_word_3.png,दक्षिण
page_4_line_18_word_4.png,महाराष्ट्राच्या
page_4_line_18_word_5.png,कोणत्याही
page_4_line_18_word_6.png,गावामध्ये
page_4_line_18_word_7.png,तीन
page_4_line_18_word_8.png,प्रकारच्या
page_4_line_19_word_1.png,शेतकरी जाती
page_4_line_19_word_2.png,होत्या.
page_4_line_19_word_3.png,कुणबी(
page_4_line_19_word_4.png,"मराठा),"
page_4_line_19_word_5.png,कुणबी
page_4_line_19_word_6.png,(माळी)
page_4_line_19_word_7.png,आणि
page_4_line_19_word_8.png,धनगर.
page_4_line_19_word_9.png,उतरंडीच्या
page_4_line_20_word_1.png,क्रमाने
page_4_line_20_word_2.png,पुढे
page_4_line_20_word_3.png,सर्व
page_4_line_20_word_4.png,स्पृश्य
page_4_line_20_word_5.png,बलुतेदार
page_4_line_20_word_6.png,जाती
page_4_line_20_word_7.png,होत्या.
page_4_line_20_word_8.png,उतरंडीच्या
page_4_line_20_word_9.png,तळाची
page_4_line_20_word_10.png,अस्पृश्य
page_4_line_20_word_11.png,बलुतेदार
page_4_line_21_word_1.png,जाती
page_4_line_21_word_2.png,होत्या.
page_4_line_21_word_3.png,ब्राह्मण
page_4_line_21_word_4.png,उतरंडीत
page_4_line_21_word_5.png,सर्वांच्या
page_4_line_21_word_6.png,वर
page_4_line_21_word_7.png,आणि
page_4_line_21_word_8.png,सर्वांच्या
page_4_line_21_word_9.png,डोक्यावर
page_4_line_21_word_10.png,बसलेले
page_4_line_21_word_11.png,होते.
page_4_line_22_word_1.png,उच्च
page_4_line_22_word_2.png,कुलीन
page_4_line_22_word_3.png,मराठा
page_4_line_22_word_4.png,समजणारे
page_4_line_22_word_5.png,"देसाई,"
page_4_line_22_word_6.png,देशमुख
page_4_line_22_word_7.png,असेच
page_4_line_22_word_8.png,सर्वांच्या
page_4_line_22_word_9.png,डोक्यावर
page_4_line_22_word_10.png,बसून
page_4_line_23_word_1.png,शोषण
page_4_line_23_word_2.png,करीत
page_4_line_23_word_3.png,होते.
page_4_line_23_word_4.png,पण
page_4_line_23_word_5.png,जातीय
page_4_line_23_word_6.png,उतरंडीत
page_4_line_23_word_7.png,ते
page_4_line_23_word_8.png,ब्राह्मणांपेक्षा
page_4_line_23_word_9.png,खालच्या
page_4_line_23_word_10.png,स्थानावर
page_4_line_23_word_11.png,होते.
page_4_line_24_word_1.png,ब्राह्मण
page_4_line_24_word_2.png,आणि
page_4_line_24_word_3.png,संरजामदार
page_4_line_24_word_4.png,मराठे
page_4_line_24_word_5.png,सोडून
page_4_line_24_word_6.png,सर्व
page_4_line_24_word_7.png,जनता
page_4_line_24_word_8.png,शारीरिक
page_4_line_24_word_9.png,कष्ट
page_4_line_24_word_10.png,केल्याशिवाय
page_4_line_25_word_1.png,ज्यांना
page_4_line_25_word_2.png,जगताच
page_4_line_25_word_3.png,येणार
page_4_line_25_word_4.png,नाही
page_4_line_25_word_5.png,अशा
page_4_line_25_word_6.png,परिस्थितीत
page_4_line_25_word_7.png,होती.
page_4_line_25_word_8.png,स्वतःला
page_4_line_25_word_9.png,उच्च
page_4_line_25_word_10.png,कुलीन
page_4_line_26_word_1.png,समजणाऱ्या
page_4_line_26_word_2.png,मराठ्यांमध्येसुद्धा
page_4_line_26_word_3.png,फक्त
page_4_line_26_word_4.png,१.७
page_4_line_26_word_5.png,टक्के
page_4_line_26_word_6.png,कुटुंबे
page_4_line_26_word_7.png,खंड
page_4_line_26_word_8.png,वसूल
page_4_line_26_word_9.png,करणारी
page_4_line_26_word_10.png,होती
page_4_line_27_word_1.png,म्हणजेच
page_4_line_27_word_2.png,सरंजामदार
page_4_line_27_word_3.png,होती!
page_4_line_27_word_4.png,त्यांच्यामध्ये
page_4_line_27_word_5.png,६३.८
page_4_line_27_word_6.png,कुटुंबे
page_4_line_27_word_7.png,स्वतः
page_4_line_27_word_8.png,शेती
page_4_line_27_word_9.png,कसणारी
page_4_line_27_word_10.png,आणि.
page_4_line_28_word_1.png,२२.७
page_4_line_28_word_2.png,कुटुंबे
page_4_line_28_word_3.png,शेतमजूर
page_4_line_28_word_4.png,होती.
page_4_line_28_word_5.png,१९११
page_4_line_28_word_6.png,साली
page_4_line_28_word_7.png,झालेल्या
page_4_line_28_word_8.png,पाहणीत
page_4_line_28_word_9.png,अशी
page_4_line_28_word_10.png,नोंद
page_4_line_28_word_11.png,आहे.
page_4_line_29_word_1.png,कुणब्यांमध्ये
page_4_line_29_word_2.png,अर्थातच
page_4_line_29_word_3.png,एकही
page_4_line_29_word_4.png,कुटुंब
page_4_line_29_word_5.png,खंड
page_4_line_29_word_6.png,घेणारे
page_4_line_29_word_7.png,म्हणजेच
page_4_line_29_word_8.png,सरंजमादार
page_4_line_29_word_10.png,नव्हते.
page_4_line_30_word_1.png,त्यांच्यात
page_4_line_30_word_2.png,६१.६
page_4_line_30_word_3.png,टक्के
page_4_line_30_word_4.png,स्वतः
page_4_line_30_word_5.png,शेती
page_4_line_30_word_6.png,कसणारी
page_4_line_30_word_7.png,आणि
page_4_line_30_word_8.png,२९.३
page_4_line_30_word_9.png,टक्के
page_4_line_30_word_10.png,शेतमजूर
page_4_line_30_word_11.png,कुटुंबे
page_4_line_30_word_12.png,होती.
page_5_line_1_word_1.png,चित्पावन
page_5_line_1_word_2.png,(कोकणस्थ)
page_5_line_1_word_3.png,ब्राह्मणांमध्ये
page_5_line_1_word_4.png,२०.५
page_5_line_1_word_5.png,"टक्‍के सरंजामदार,"
page_5_line_1_word_6.png,२५.६
page_5_line_1_word_7.png,टक्के
page_5_line_2_word_1.png,स्वतः
page_5_line_2_word_2.png,शेती
page_5_line_2_word_3.png,कसणारे
page_5_line_2_word_4.png,शेतकरी
page_5_line_2_word_5.png,होते!
page_5_line_2_word_6.png,देशस्थ
page_5_line_2_word_7.png,ब्राह्मणांमध्ये
page_5_line_2_word_8.png,हे
page_5_line_2_word_9.png,प्रमाण
page_5_line_2_word_10.png,२०.८
page_5_line_2_word_11.png,आणि
page_5_line_2_word_12.png,२३.१
page_5_line_3_word_1.png,तर
page_5_line_3_word_2.png,गौड
page_5_line_3_word_3.png,सारस्वतांमध्ये
page_5_line_3_word_4.png,२१.०
page_5_line_3_word_5.png,आणि
page_5_line_3_word_6.png,१७.१
page_5_line_3_word_7.png,टक्के
page_5_line_3_word_8.png,असे
page_5_line_3_word_9.png,होते!
page_5_line_3_word_10.png,या
page_5_line_3_word_11.png,तिन्ही
page_5_line_3_word_12.png,जातींमधे
page_5_line_4_word_1.png,शेतमजुरी
page_5_line_4_word_2.png,करणारे
page_5_line_4_word_3.png,कुटुंब
page_5_line_4_word_4.png,एकही
page_5_line_4_word_5.png,नव्हते!!
page_5_line_4_word_6.png,उरलेली
page_5_line_4_word_7.png,कुटुंबे
page_5_line_4_word_8.png,होती
page_5_line_4_word_9.png,सोडून
page_5_line_4_word_10.png,इतर
page_5_line_5_word_1.png,व्यवसायात
page_5_line_5_word_2.png,होती.
page_5_line_5_word_3.png,इतर
page_5_line_5_word_4.png,सर्व
page_5_line_5_word_5.png,बलुतेदार
page_5_line_5_word_6.png,जातींमधील
page_5_line_5_word_7.png,अर्धी
page_5_line_5_word_8.png,कुटुंबे
page_5_line_5_word_9.png,स्वतःच्या
page_5_line_5_word_10.png,कष्टाने
page_5_line_5_word_11.png,शेती
page_5_line_6_word_1.png,करणारी
page_5_line_6_word_2.png,आणि
page_5_line_6_word_3.png,अर्धी
page_5_line_6_word_4.png,शेतमजुरी
page_5_line_6_word_5.png,करणारी
page_5_line_6_word_6.png,होती.
page_5_line_6_word_7.png,जातींचा
page_5_line_6_word_8.png,नेमलेला
page_5_line_6_word_9.png,व्यवसाय
page_5_line_6_word_10.png,तर
page_5_line_6_word_11.png,ती
page_5_line_7_word_1.png,करीतच
page_5_line_7_word_2.png,होती.
page_5_line_7_word_3.png,जातीय
page_5_line_7_word_4.png,उतरंडीबाहेर
page_5_line_7_word_5.png,असलेल्या
page_5_line_7_word_6.png,"भाट,"
page_5_line_7_word_7.png,"चित्रकथी,"
page_5_line_7_word_8.png,"गोंधळी,"
page_5_line_7_word_9.png,"गोपाळ,"
page_5_line_8_word_1.png,"गोसावी,"
page_5_line_8_word_2.png,"जंगम,"
page_5_line_8_word_3.png,"कोल्हाटी,"
page_5_line_8_word_4.png,"जोशी,"
page_5_line_8_word_5.png,"उचले,"
page_5_line_8_word_6.png,"वैदू,"
page_5_line_8_word_7.png,वासुदेव
page_5_line_8_word_8.png,या
page_5_line_8_word_9.png,समाजगटांना
page_5_line_8_word_10.png,तर
page_5_line_9_word_1.png,१८८१-८४
page_5_line_9_word_2.png,च्या
page_5_line_9_word_3.png,गॅझेटमधे
page_5_line_9_word_4.png,'भिकारी'
page_5_line_9_word_5.png,असेच
page_5_line_9_word_6.png,गणले
page_5_line_9_word_7.png,आहे.
page_5_line_9_word_8.png,त्यांना
page_5_line_9_word_9.png,जमीन
page_5_line_9_word_10.png,असण्याचा
page_5_line_10_word_1.png,प्रश्‍नच
page_5_line_10_word_2.png,नव्हता
page_5_line_10_word_3.png,आणि
page_5_line_10_word_4.png,ते
page_5_line_10_word_5.png,भटके
page_5_line_10_word_6.png,जीवन
page_5_line_10_word_7.png,जगत
page_5_line_10_word_8.png,होते
page_5_line_10_word_9.png,त्यामुळे
page_5_line_10_word_10.png,त्यांच्यापैकी
page_5_line_10_word_11.png,कुणी
page_5_line_10_word_12.png,शेतमजूर
page_5_line_11_word_1.png,असण्याचा
page_5_line_11_word_2.png,प्रश्‍न
page_5_line_11_word_3.png,उद्‌भवतच
page_5_line_11_word_4.png,नव्हता.
page_5_line_11_word_5.png,आदिवासी
page_5_line_11_word_6.png,जमातीही
page_5_line_11_word_7.png,जातीय
page_5_line_11_word_8.png,उतरंडीच्या
page_5_line_11_word_9.png,बाहेर
page_5_line_12_word_1.png,समजल्या
page_5_line_12_word_2.png,जात
page_5_line_12_word_3.png,असल्यामुळे
page_5_line_12_word_4.png,त्यांचा
page_5_line_12_word_5.png,प्रश्‍न
page_5_line_12_word_6.png,वेगळाच
page_5_line_12_word_7.png,होता.
page_5_line_12_word_8.png,त्यांच्यावरच्या
page_5_line_12_word_9.png,अन्यायांची
page_5_line_13_word_1.png,तर्‍हा
page_5_line_13_word_2.png,वेगळीच
page_5_line_13_word_3.png,होती.
page_5_line_14_word_1.png,क्रांतिसिंहाचे
page_5_line_14_word_2.png,"जन्मगाव,"
page_5_line_14_word_3.png,अजोळ
page_5_line_14_word_4.png,वगैरे
page_5_line_14_word_5.png,परिसरातील
page_5_line_14_word_6.png,गावांमध्ये
page_5_line_14_word_7.png,आदिवासी
page_5_line_15_word_1.png,सोडून
page_5_line_15_word_2.png,इतर
page_5_line_15_word_3.png,सर्व
page_5_line_15_word_4.png,जाती-जमातींचे
page_5_line_15_word_5.png,लोक
page_5_line_15_word_6.png,होते.
page_5_line_15_word_7.png,सरंजामदारी
page_5_line_15_word_8.png,पिळणूक
page_5_line_15_word_9.png,आणि
page_5_line_16_word_1.png,ब्राह्मण्यवादी
page_5_line_16_word_2.png,जातीय
page_5_line_16_word_3.png,पिळणूक
page_5_line_16_word_4.png,या
page_5_line_16_word_5.png,दोन्हींचे
page_5_line_16_word_6.png,अनुभव
page_5_line_16_word_7.png,त्यांना
page_5_line_16_word_8.png,या
page_5_line_16_word_9.png,परिसरात
page_5_line_16_word_10.png,येतच
page_5_line_16_word_11.png,होते.
page_5_line_17_word_1.png,त्यातच
page_5_line_17_word_2.png,ते
page_5_line_17_word_3.png,लहानाचे
page_5_line_17_word_4.png,मोठे
page_5_line_17_word_5.png,झाले.
page_5_line_17_word_6.png,लहानपणापासून
page_5_line_17_word_7.png,शेतावर
page_5_line_17_word_8.png,जाऊन
page_5_line_17_word_9.png,काम
page_5_line_17_word_10.png,"करण्याचा,"
page_5_line_18_word_1.png,गुरे
page_5_line_18_word_2.png,चरायला
page_5_line_18_word_3.png,"नेण्याचा,"
page_5_line_18_word_4.png,शेण
page_5_line_18_word_5.png,काढण्याचा
page_5_line_18_word_6.png,असा
page_5_line_18_word_7.png,सर्व
page_5_line_18_word_8.png,अनुभव
page_5_line_18_word_9.png,घेत
page_5_line_18_word_10.png,ते
page_5_line_18_word_11.png,शिकले.
page_5_line_18_word_12.png,या
page_5_line_18_word_13.png,सर्व
page_5_line_19_word_1.png,अनुभवांमधून
page_5_line_19_word_2.png,त्यांचे
page_5_line_19_word_3.png,मन
page_5_line_19_word_4.png,प्राथमिकरीत्या
page_5_line_19_word_5.png,घडत
page_5_line_19_word_6.png,गेले.
page_5_line_20_word_1.png,त्या
page_5_line_20_word_2.png,काळात
page_5_line_20_word_3.png,सातारा
page_5_line_20_word_4.png,जिल्ह्यातील
page_5_line_20_word_5.png,शेतीला
page_5_line_20_word_6.png,कालव्याने
page_5_line_20_word_7.png,पाणी
page_5_line_20_word_8.png,पुरवठा
page_5_line_20_word_9.png,करणारी
page_5_line_21_word_1.png,सहा
page_5_line_21_word_2.png,धरणे
page_5_line_21_word_3.png,होती.
page_5_line_21_word_4.png,रेवरी
page_5_line_21_word_5.png,"(कोरेगाव),"
page_5_line_21_word_6.png,"नेर,"
page_5_line_21_word_7.png,"गोंडोली,"
page_5_line_21_word_8.png,"मायणी,"
page_5_line_21_word_9.png,चिखली
page_5_line_21_word_10.png,आणि
page_5_line_21_word_11.png,खोडशी
page_5_line_22_word_1.png,अशी
page_5_line_22_word_2.png,धरणे
page_5_line_22_word_3.png,इंग्रजी
page_5_line_22_word_4.png,राजवटीने
page_5_line_22_word_5.png,बांधली
page_5_line_22_word_6.png,होती.
page_5_line_22_word_7.png,त्यापैकी
page_5_line_22_word_8.png,एका
page_5_line_22_word_9.png,धरणाची
page_5_line_22_word_10.png,सुरुवात
page_5_line_22_word_11.png,(रेवरी)
page_5_line_23_word_1.png,पेशव्यांच्या
page_5_line_23_word_2.png,एका
page_5_line_23_word_3.png,अधिकाऱ्याने
page_5_line_23_word_4.png,केली
page_5_line_23_word_5.png,होती.
page_5_line_23_word_6.png,या
page_5_line_23_word_7.png,धरणांपैकी
page_5_line_23_word_8.png,खोडशी
page_5_line_23_word_9.png,हे
page_5_line_23_word_10.png,कृष्णा
page_5_line_23_word_11.png,नदीवरचे
page_5_line_24_word_1.png,धरणच
page_5_line_24_word_2.png,फक्त
page_5_line_24_word_3.png,खात्रीच्या
page_5_line_24_word_4.png,पाणीपुरवठ्याचे
page_5_line_24_word_5.png,होते.
page_5_line_24_word_6.png,इतर
page_5_line_24_word_7.png,धरणे
page_5_line_24_word_8.png,पावसाच्या
page_5_line_24_word_9.png,प्रदेशातील
page_5_line_25_word_1.png,असल्यामुळे
page_5_line_25_word_2.png,बारमाही
page_5_line_25_word_3.png,आणि
page_5_line_25_word_4.png,खात्रीचीही
page_5_line_25_word_5.png,असू
page_5_line_25_word_6.png,शकत
page_5_line_25_word_7.png,नव्हती.
page_5_line_25_word_8.png,महाराष्ट्रामध्ये
page_5_line_25_word_9.png,अश्ली
page_5_line_26_word_1.png,काही
page_5_line_26_word_2.png,छोटी-मोठी
page_5_line_26_word_3.png,धरणे
page_5_line_26_word_4.png,इंग्रजी
page_5_line_26_word_5.png,राजवटीच्या
page_5_line_26_word_6.png,काळात
page_5_line_26_word_7.png,बांधली
page_5_line_26_word_8.png,गेली.
page_5_line_26_word_9.png,त्याआधीपासून
page_5_line_27_word_1.png,आडव्या
page_5_line_27_word_2.png,पाटाची
page_5_line_27_word_3.png,कच्ची
page_5_line_27_word_4.png,आणि
page_5_line_27_word_5.png,दरवर्षी
page_5_line_27_word_6.png,नव्याने
page_5_line_27_word_7.png,बांधावी
page_5_line_27_word_8.png,लागणारी
page_5_line_27_word_9.png,धरणे
page_5_line_27_word_10.png,महाराष्ट्राभर
page_5_line_28_word_1.png,होती.
page_5_line_28_word_2.png,ती
page_5_line_28_word_3.png,स्थानिक
page_5_line_28_word_4.png,लोकच
page_5_line_28_word_5.png,सामुदायिक
page_5_line_28_word_6.png,प्रयत्नातून
page_5_line_28_word_7.png,बांधीत
page_5_line_28_word_8.png,आणि
page_5_line_28_word_9.png,सर्व
page_5_line_28_word_10.png,नियोजन
page_5_line_29_word_1.png,करीत.
page_5_line_29_word_2.png,खोडश्ली
page_5_line_29_word_3.png,धरणाचा
page_5_line_29_word_4.png,'कृष्णा
page_5_line_29_word_5.png,कालवा'
page_5_line_29_word_6.png,क्रांतिसिंहाच्या
page_5_line_29_word_7.png,येडे
page_5_line_29_word_8.png,मच्छिंद्र
page_5_line_29_word_9.png,गावाजवळून
page_6_line_1_word_1.png,जातो.
page_6_line_1_word_2.png,या
page_6_line_1_word_3.png,कालव्याखाली
page_6_line_1_word_4.png,त्याही
page_6_line_1_word_5.png,काळात
page_6_line_1_word_6.png,भिजणाऱ्या
page_6_line_1_word_7.png,जमिनींमध्ये
page_6_line_1_word_8.png,बारमाही
page_6_line_1_word_9.png,शेती
page_6_line_2_word_1.png,उत्पन्न
page_6_line_2_word_2.png,घेता
page_6_line_2_word_3.png,येत
page_6_line_2_word_4.png,होते.
page_6_line_2_word_5.png,असे
page_6_line_2_word_6.png,खात्रीचे
page_6_line_2_word_7.png,पाणी
page_6_line_2_word_8.png,बारमाही
page_6_line_2_word_9.png,रीतीने
page_6_line_2_word_10.png,शेतीला
page_6_line_2_word_11.png,मिळाल्यावर
page_6_line_2_word_12.png,काय
page_6_line_3_word_1.png,विकास
page_6_line_3_word_2.png,होऊ
page_6_line_3_word_3.png,"शकतो,"
page_6_line_3_word_4.png,समृद्धी
page_6_line_3_word_5.png,येऊ
page_6_line_3_word_6.png,शकते
page_6_line_3_word_7.png,तेही
page_6_line_3_word_8.png,बालवयापासून
page_6_line_3_word_9.png,क्रांतिसिंहानी
page_6_line_3_word_10.png,पहिले
page_6_line_4_word_1.png,अनुभवले
page_6_line_4_word_2.png,होते.
page_6_line_4_word_3.png,आपल्याला
page_6_line_4_word_4.png,गुलाम
page_6_line_4_word_5.png,करायला
page_6_line_4_word_6.png,आलेले
page_6_line_4_word_7.png,इंग्रज
page_6_line_4_word_8.png,जर
page_6_line_4_word_9.png,अशी
page_6_line_4_word_10.png,विकासाची
page_6_line_5_word_1.png,साधने
page_6_line_5_word_2.png,बांधू
page_6_line_5_word_3.png,शकतात
page_6_line_5_word_4.png,तर
page_6_line_5_word_5.png,स्वातंत्र्य
page_6_line_5_word_6.png,मिळाल्यावर
page_6_line_5_word_7.png,किती
page_6_line_5_word_8.png,मोठ्या
page_6_line_5_word_9.png,प्रमाणात
page_6_line_5_word_10.png,विकास
page_6_line_5_word_11.png,होईल
page_6_line_6_word_1.png,अशी
page_6_line_6_word_2.png,कल्पना मनात
page_6_line_6_word_3.png,येण्यासाठी
page_6_line_6_word_4.png,हा
page_6_line_6_word_5.png,अनुभव
page_6_line_6_word_6.png,ठिणगी
page_6_line_6_word_7.png,ठरणारा
page_6_line_6_word_8.png,शकत
page_6_line_6_word_9.png,होता.
page_6_line_7_word_1.png,मुंबई
page_6_line_7_word_2.png,प्रांताच्या
page_6_line_7_word_4.png,ज्या
page_6_line_7_word_5.png,भागात
page_6_line_7_word_6.png,सातारा
page_6_line_7_word_7.png,जिल्हा
page_6_line_7_word_8.png,होता
page_6_line_7_word_9.png,त्या
page_6_line_7_word_10.png,सर्व
page_6_line_7_word_11.png,मराठी
page_6_line_7_word_12.png,मुलखात
page_6_line_8_word_1.png,१९३१
page_6_line_8_word_2.png,च्या
page_6_line_8_word_3.png,जनगणनेतील
page_6_line_8_word_4.png,माहितीप्रमाणे
page_6_line_8_word_5.png,सर्वात
page_6_line_8_word_6.png,जास्त
page_6_line_8_word_7.png,शेतमजूर
page_6_line_8_word_8.png,होते.
page_6_line_8_word_9.png,त्या
page_6_line_9_word_1.png,खालोखाल
page_6_line_9_word_2.png,विदर्भ
page_6_line_9_word_3.png,आणि
page_6_line_9_word_4.png,मराठवाड्यात
page_6_line_9_word_5.png,होते.
page_6_line_9_word_6.png,रयतवारी
page_6_line_9_word_7.png,भागात
page_6_line_9_word_8.png,हे
page_6_line_9_word_9.png,शेतमजूर
page_6_line_9_word_10.png,जरी
page_6_line_10_word_1.png,जमीनदारांची
page_6_line_10_word_2.png,जमीन
page_6_line_10_word_3.png,कसून
page_6_line_10_word_4.png,जगत
page_6_line_10_word_5.png,असले
page_6_line_10_word_6.png,तरी
page_6_line_10_word_7.png,त्यांची
page_6_line_10_word_8.png,तशी
page_6_line_10_word_9.png,नोंद
page_6_line_10_word_10.png,होऊ
page_6_line_10_word_11.png,शकत
page_6_line_10_word_12.png,नव्हती.
page_6_line_11_word_1.png,असे
page_6_line_11_word_2.png,लोक
page_6_line_11_word_3.png,सातारा
page_6_line_11_word_4.png,जिल्ह्यात
page_6_line_11_word_5.png,८२
page_6_line_11_word_6.png,टक्के
page_6_line_11_word_7.png,होते!
page_6_line_11_word_8.png,दुष्काळाचे
page_6_line_11_word_9.png,भयंकर
page_6_line_11_word_10.png,परिणाम
page_6_line_11_word_11.png,या
page_6_line_11_word_12.png,सर्वांवर
page_6_line_12_word_1.png,आणि
page_6_line_12_word_2.png,स्वतःची
page_6_line_12_word_3.png,शेती
page_6_line_12_word_4.png,स्वतः
page_6_line_12_word_5.png,कसणाऱ्यांवर
page_6_line_12_word_6.png,होत
page_6_line_12_word_7.png,होते.
page_6_line_12_word_8.png,"ब्राह्मण,"
page_6_line_12_word_9.png,ब्राह्मण
page_6_line_12_word_10.png,जमीनदार
page_6_line_12_word_11.png,आणि
page_6_line_13_word_1.png,"मराठा,"
page_6_line_13_word_2.png,"माळी,"
page_6_line_13_word_3.png,धनगर
page_6_line_13_word_4.png,जमीनदार
page_6_line_13_word_5.png,या
page_6_line_13_word_6.png,जात-वर्गांना
page_6_line_13_word_7.png,सोडले
page_6_line_13_word_8.png,तर
page_6_line_13_word_9.png,एकदंर
page_6_line_13_word_10.png,परिस्थिती
page_6_line_14_word_1.png,विदारक
page_6_line_14_word_2.png,होती.
page_6_line_15_word_1.png,राजकीय
page_6_line_15_word_2.png,आणि
page_6_line_15_word_3.png,अन्य चळवळींचा
page_6_line_15_word_4.png,परिसर
page_6_line_16_word_2.png,नाना
page_6_line_16_word_3.png,पाटलांचा
page_6_line_16_word_4.png,जन्म
page_6_line_16_word_5.png,झाला
page_6_line_16_word_6.png,त्या
page_6_line_16_word_7.png,काळापासून
page_6_line_16_word_8.png,ते
page_6_line_16_word_9.png,त्यांच्या
page_6_line_16_word_10.png,ऐन
page_6_line_16_word_11.png,तारुण्यात
page_6_line_17_word_1.png,पदार्पण
page_6_line_17_word_2.png,करण्यापर्यंत
page_6_line_17_word_3.png,महाराष्ट्रात
page_6_line_17_word_4.png,आणि
page_6_line_17_word_5.png,सातार
page_6_line_17_word_6.png,जिल्ह्यात
page_6_line_17_word_7.png,अत्यंत
page_6_line_17_word_8.png,महत्त्वाच्या
page_6_line_18_word_1.png,घडामोडी
page_6_line_18_word_2.png,घडल्या.
page_6_line_18_word_3.png,सातारा
page_6_line_18_word_4.png,जिल्ह्यातील
page_6_line_18_word_5.png,कूळ-शेतकरी
page_6_line_18_word_6.png,आणि
page_6_line_18_word_7.png,बलुतेदारांचा
page_6_line_19_word_1.png,ऐतिहासिक
page_6_line_19_word_2.png,"संघर्ष,"
page_6_line_19_word_3.png,सत्यशोधक
page_6_line_19_word_4.png,जलशांचा
page_6_line_19_word_5.png,उदय
page_6_line_19_word_6.png,आणि
page_6_line_19_word_7.png,भरभराट
page_6_line_19_word_8.png,आणि
page_6_line_19_word_9.png,सत्यशोधक
page_6_line_20_word_1.png,ब्राह्मणेतर
page_6_line_20_word_2.png,प्रवाहांचा
page_6_line_20_word_3.png,म.
page_6_line_20_word_4.png,गांधींच्या
page_6_line_20_word_5.png,नेतृत्वाखालील
page_6_line_20_word_6.png,काँग्रेस
page_6_line_20_word_7.png,पक्षात
page_6_line_20_word_8.png,प्रवेश
page_6_line_20_word_9.png,अशा
page_6_line_20_word_10.png,या
page_6_line_20_word_11.png,घटना
page_6_line_21_word_1.png,आहे.
page_6_line_22_word_1.png,'सार्वजनिक
page_6_line_22_word_2.png,सत्य
page_6_line_22_word_3.png,धर्म'
page_6_line_22_word_4.png,या
page_6_line_22_word_5.png,पुस्तकात
page_6_line_22_word_6.png,महात्मा
page_6_line_22_word_7.png,जोतीराव
page_6_line_22_word_8.png,फुले
page_6_line_22_word_9.png,म्हणतात:
page_6_line_23_word_1.png,"""."
page_6_line_23_word_3.png,.यावरून
page_6_line_23_word_4.png,या
page_6_line_23_word_5.png,बळीस्थानातील
page_6_line_23_word_6.png,एकंदर
page_6_line_23_word_7.png,शझूद्रादी
page_6_line_23_word_8.png,अतिशूद्रांसह
page_6_line_23_word_9.png,"भिल्ल,"
page_6_line_23_word_10.png,कोळी
page_6_line_24_word_1.png,वगैरे
page_6_line_24_word_2.png,सर्व
page_6_line_24_word_3.png,लोक
page_6_line_24_word_4.png,विद्वान
page_6_line_24_word_5.png,होऊन
page_6_line_24_word_6.png,विचार
page_6_line_24_word_7.png,करण्यालायक
page_6_line_24_word_8.png,होईतोपावेतो
page_6_line_24_word_9.png,ते
page_6_line_24_word_10.png,सर्व
page_6_line_24_word_11.png,सारखे
page_6_line_25_word_1.png,एकमय
page_6_line_25_word_2.png,लोक
page_6_line_25_word_3.png,झाल्याशिवाय
page_6_line_25_word_4.png,(Nation)
page_6_line_25_word_5.png,होऊ
page_6_line_25_word_6.png,शकत
page_6_line_25_word_7.png,नाही.
page_6_line_25_word_8.png,असे
page_6_line_25_word_9.png,असता
page_6_line_25_word_10.png,एकट्या
page_6_line_25_word_11.png,उपऱ्या
page_6_line_26_word_1.png,आर्यभट
page_6_line_26_word_2.png,ब्राह्मण
page_6_line_26_word_3.png,लोकांनी
page_6_line_26_word_4.png,नॅशनल
page_6_line_26_word_5.png,काँग्रेस
page_6_line_26_word_6.png,"स्थापिली,"
page_6_line_26_word_7.png,तर
page_6_line_26_word_8.png,तिला
page_6_line_26_word_9.png,कोण
page_6_line_26_word_10.png,"विचारतो?"""
page_7_line_1_word_1.png,१९३०
page_7_line_1_word_2.png,सालापर्यंत
page_7_line_1_word_3.png,खरोखरच
page_7_line_1_word_4.png,ब्राह्मणेतर
page_7_line_1_word_5.png,बहुजन
page_7_line_1_word_6.png,जाती-जमाती
page_7_line_1_word_7.png,काँग्रेसपासून
page_7_line_2_word_1.png,दूर
page_7_line_2_word_2.png,राहिल्या
page_7_line_2_word_3.png,होत्या.
page_7_line_2_word_4.png,त्या
page_7_line_2_word_5.png,आधी
page_7_line_2_word_6.png,सत्यशोधक
page_7_line_2_word_7.png,"समाज,"
page_7_line_2_word_8.png,ब्राह्मणेतर
page_7_line_2_word_9.png,"पक्ष,"
page_7_line_2_word_10.png,डेक्कन
page_7_line_2_word_11.png,रयत
page_7_line_3_word_1.png,"असोसिएशन,"
page_7_line_3_word_2.png,मराठा
page_7_line_3_word_3.png,राष्ट्रीर
page_7_line_3_word_4.png,"संघ,"
page_7_line_3_word_5.png,मराठी
page_7_line_3_word_6.png,"लीग,"
page_7_line_3_word_7.png,डेक्कन
page_7_line_3_word_8.png,ब्राह्मणेतर
page_7_line_3_word_9.png,संघ
page_7_line_3_word_10.png,अशा
page_7_line_4_word_1.png,संघटना
page_7_line_4_word_2.png,१९१७
page_7_line_4_word_3.png,ते
page_7_line_4_word_4.png,१९२०
page_7_line_4_word_5.png,या
page_7_line_4_word_6.png,काळात
page_7_line_4_word_7.png,संघटित
page_7_line_4_word_8.png,झाल्या
page_7_line_4_word_9.png,होत्या.
page_7_line_4_word_10.png,"सत्यशोधक,"
page_7_line_4_word_11.png,ब्राह्मणेतर
page_7_line_5_word_1.png,प्रवाहाची
page_7_line_5_word_2.png,राष्ट्रीय
page_7_line_5_word_3.png,काँग्रेसपपासूनची
page_7_line_5_word_4.png,फारकत
page_7_line_5_word_5.png,सुरुवातीपासूनच
page_7_line_5_word_6.png,होती.
page_7_line_5_word_7.png,१८९५
page_7_line_5_word_8.png,साली
page_7_line_6_word_1.png,झालेल्या
page_7_line_6_word_2.png,काँग्रेस
page_7_line_6_word_3.png,अधिवेशनावर
page_7_line_6_word_4.png,कृष्णराव
page_7_line_6_word_5.png,भालेकर
page_7_line_6_word_6.png,आणि
page_7_line_6_word_7.png,रामचंद्र
page_7_line_6_word_8.png,वंदेकर
page_7_line_6_word_9.png,यांसारख्या
page_7_line_7_word_1.png,सत्यशोधकांच्या
page_7_line_7_word_2.png,नेतृत्वाखाली
page_7_line_7_word_3.png,निदर्शने
page_7_line_7_word_4.png,झाली.
page_7_line_7_word_5.png,अधिवेज्ञनासमोर
page_7_line_7_word_6.png,एक
page_7_line_7_word_7.png,मांडव
page_7_line_7_word_8.png,घालून
page_7_line_8_word_1.png,त्याच्या
page_7_line_8_word_2.png,पुढे
page_7_line_8_word_3.png,२४
page_7_line_8_word_4.png,फूट
page_7_line_8_word_5.png,उंचीचा
page_7_line_8_word_6.png,शेतकऱयाचा
page_7_line_8_word_7.png,कापडी
page_7_line_8_word_8.png,पुतळा
page_7_line_8_word_9.png,आंदोलकांनी
page_7_line_8_word_10.png,उभा
page_7_line_8_word_11.png,केला.
page_7_line_9_word_1.png,त्याच्या
page_7_line_9_word_2.png,हातात
page_7_line_9_word_3.png,लाल
page_7_line_9_word_4.png,कापडावर
page_7_line_9_word_5.png,सोनेरी
page_7_line_9_word_6.png,अक्षरात
page_7_line_9_word_7.png,लिहिलेल्या
page_7_line_9_word_8.png,मजकुरात
page_7_line_9_word_9.png,एक
page_7_line_9_word_10.png,सवाल
page_7_line_10_word_1.png,केला.
page_7_line_10_word_2.png,इंग्रजीत
page_7_line_10_word_3.png,लिहिलेल्या
page_7_line_10_word_4.png,या
page_7_line_10_word_5.png,मजकुरात
page_7_line_10_word_6.png,प्रश्‍न
page_7_line_10_word_7.png,"होता,"
page_7_line_10_word_8.png,"""आमच्या"
page_7_line_10_word_9.png,१९
page_7_line_10_word_10.png,कोटींपैकी
page_7_line_11_word_1.png,निदान
page_7_line_11_word_2.png,एकोणीस
page_7_line_11_word_3.png,लोक
page_7_line_11_word_4.png,तरी
page_7_line_11_word_5.png,आमचे
page_7_line_11_word_6.png,प्रश्‍न
page_7_line_11_word_7.png,मांडण्यासाठी
page_7_line_11_word_8.png,इथे
page_7_line_11_word_9.png,आहेत
page_7_line_11_word_10.png,"का?""मद्रासमध्ये"
page_7_line_12_word_1.png,काँग्रेसअंतर्गत
page_7_line_12_word_2.png,ब्राह्मणेतर
page_7_line_12_word_3.png,विभाग
page_7_line_12_word_4.png,ताकदीने
page_7_line_12_word_5.png,संघटित
page_7_line_12_word_6.png,झाला.
page_7_line_12_word_7.png,त्यातूनच
page_7_line_12_word_8.png,'जस्टिस
page_7_line_12_word_9.png,पार्टी'
page_7_line_13_word_1.png,आणि
page_7_line_13_word_2.png,मग
page_7_line_13_word_3.png,'द्रविड
page_7_line_13_word_4.png,मुनेत्र
page_7_line_13_word_5.png,कझगम'
page_7_line_13_word_6.png,संघटित
page_7_line_13_word_7.png,झाले.
page_7_line_13_word_8.png,आंत्रमध्येसुद्धा
page_7_line_13_word_9.png,'जस्टिम
page_7_line_13_word_10.png,पार्टी'
page_7_line_14_word_1.png,संघटित
page_7_line_14_word_2.png,झाली.
page_7_line_14_word_3.png,महाराष्ट्रात
page_7_line_14_word_4.png,काँग्रेसच्या
page_7_line_14_word_5.png,बाहेरच
page_7_line_14_word_6.png,ब्राह्मणेतर
page_7_line_14_word_7.png,संघटित
page_7_line_14_word_8.png,झाले.
page_7_line_14_word_9.png,मॉटेग्यू-
page_7_line_15_word_1.png,चेम्सफोर्ड
page_7_line_15_word_2.png,सुधारणांमुळे
page_7_line_15_word_3.png,या
page_7_line_15_word_4.png,दबाव
page_7_line_15_word_5.png,गटाला
page_7_line_15_word_6.png,राजकारणात
page_7_line_15_word_7.png,हालचाल
page_7_line_15_word_8.png,वाढवण्यासाठी
page_7_line_16_word_1.png,जास्त
page_7_line_16_word_2.png,आधार
page_7_line_16_word_3.png,तयार
page_7_line_16_word_4.png,झाला.
page_7_line_17_word_1.png,मराठा
page_7_line_17_word_2.png,लीगने
page_7_line_17_word_3.png,मराठ्यांसाठी
page_7_line_17_word_4.png,"दहा,"
page_7_line_17_word_5.png,लिंगायतांसाठी
page_7_line_17_word_6.png,"चार,"
page_7_line_17_word_7.png,जैन
page_7_line_17_word_8.png,समाजासाठी
page_7_line_18_word_1.png,"एक,"
page_7_line_18_word_2.png,अस्पृश्यांसाठी
page_7_line_18_word_3.png,चार
page_7_line_18_word_4.png,आणि
page_7_line_18_word_5.png,इतर
page_7_line_18_word_6.png,मागासवर्गीय
page_7_line_18_word_7.png,जातींसाठी
page_7_line_18_word_8.png,दहा
page_7_line_18_word_9.png,जागांची
page_7_line_18_word_10.png,मागणी
page_7_line_19_word_1.png,केली
page_7_line_19_word_2.png,होती.
page_7_line_19_word_3.png,इतर
page_7_line_19_word_4.png,ब्राह्मणेतर
page_7_line_19_word_5.png,संघटनांच्या
page_7_line_19_word_6.png,वतीने
page_7_line_19_word_7.png,असाच
page_7_line_19_word_8.png,दबाव
page_7_line_19_word_9.png,आणला
page_7_line_19_word_10.png,होता.
page_7_line_19_word_11.png,१९२०
page_7_line_20_word_1.png,साली
page_7_line_20_word_2.png,मुंबई
page_7_line_20_word_3.png,कौन्सिलच्या
page_7_line_20_word_4.png,घटनेत
page_7_line_20_word_5.png,सुधारणा
page_7_line_20_word_6.png,करून
page_7_line_20_word_7.png,राखीव
page_7_line_20_word_8.png,जागा
page_7_line_20_word_9.png,ठेवण्यात
page_7_line_20_word_10.png,आल्या.
page_7_line_21_word_1.png,यामधे
page_7_line_21_word_2.png,'मराठा'
page_7_line_21_word_3.png,या
page_7_line_21_word_4.png,सदरात
page_7_line_21_word_5.png,"मराठ्यांबरोबरच,"
page_7_line_21_word_6.png,"कुणबी,"
page_7_line_21_word_7.png,"माळी,"
page_7_line_21_word_8.png,"कोळी,"
page_7_line_21_word_9.png,"भंडारी,"
page_7_line_21_word_10.png,"शिंपी,"
page_7_line_22_word_1.png,"लोहार,"
page_7_line_22_word_2.png,"कुंभार,"
page_7_line_22_word_3.png,"धनगर,"
page_7_line_22_word_4.png,"भोई,"
page_7_line_22_word_5.png,"बारी,"
page_7_line_22_word_6.png,"लोहार,"
page_7_line_22_word_7.png,भावीण
page_7_line_22_word_8.png,इत्यादी
page_7_line_22_word_9.png,जातींचा
page_7_line_22_word_10.png,समावेश
page_7_line_23_word_1.png,करण्यात
page_7_line_23_word_2.png,आला!
page_7_line_23_word_3.png,या
page_7_line_23_word_4.png,काळात
page_7_line_23_word_5.png,ब्राह्मणेतरांमध्ये
page_7_line_23_word_6.png,अनेक
page_7_line_23_word_7.png,वाद
page_7_line_23_word_8.png,झाले.
page_7_line_23_word_9.png,मराठा
page_7_line_23_word_10.png,प्रभुत्वाचा
page_7_line_24_word_1.png,प्रश्‍नही
page_7_line_24_word_2.png,चर्चेत
page_7_line_24_word_3.png,आला.
page_7_line_24_word_4.png,पण
page_7_line_24_word_5.png,शेवटी
page_7_line_24_word_6.png,१२
page_7_line_24_word_7.png,डिसेंबर
page_7_line_24_word_8.png,१९२०
page_7_line_24_word_9.png,रोजी
page_7_line_24_word_10.png,जेधे
page_7_line_24_word_11.png,मॅनावर
page_7_line_24_word_12.png,सर्व
page_7_line_24_word_13.png,नेत्यांची
page_7_line_25_word_1.png,बैठक
page_7_line_25_word_2.png,होऊन
page_7_line_25_word_3.png,'डेक्कन
page_7_line_25_word_4.png,ब्राह्मणेतर
page_7_line_25_word_5.png,संघ
page_7_line_25_word_6.png,स्थापन
page_7_line_25_word_7.png,केला.
page_7_line_25_word_8.png,यात
page_7_line_25_word_9.png,सर्व
page_7_line_25_word_10.png,ब्राह्मणेतर
page_7_line_25_word_11.png,जातींचा
page_7_line_26_word_1.png,समावेश
page_7_line_26_word_2.png,करण्यात
page_7_line_26_word_3.png,आला.
page_7_line_26_word_4.png,१४-१५
page_7_line_26_word_5.png,मे
page_7_line_26_word_6.png,१९२१
page_7_line_26_word_7.png,रोजी
page_7_line_26_word_8.png,बेळगावला
page_7_line_26_word_9.png,मोठी
page_7_line_26_word_10.png,परिषद
page_7_line_26_word_11.png,होऊन
page_7_line_27_word_1.png,घटनाही
page_7_line_27_word_2.png,कायम
page_7_line_27_word_3.png,करण्यात
page_7_line_27_word_4.png,आली.
page_7_line_27_word_5.png,डी.
page_7_line_27_word_6.png,डी.
page_7_line_27_word_7.png,घोलप
page_7_line_27_word_8.png,यांच्या
page_7_line_27_word_9.png,पुढाकाराने
page_7_line_27_word_10.png,यात
page_7_line_27_word_11.png,दलितांचा
page_7_line_28_word_1.png,सहभागही
page_7_line_28_word_2.png,होता.
page_7_line_28_word_3.png,याच
page_7_line_28_word_4.png,माध्यमातून
page_7_line_28_word_5.png,पुढे
page_7_line_28_word_6.png,कौन्सिलच्या
page_7_line_28_word_7.png,आणि
page_7_line_28_word_8.png,लोकलबोर्डाच्या
page_7_line_29_word_1.png,निवडणुका
page_7_line_29_word_2.png,लढवण्यात
page_7_line_29_word_3.png,आल्या.
page_8_line_1_word_1.png,नाना
page_8_line_1_word_2.png,पाटील
page_8_line_1_word_3.png,१७
page_8_line_1_word_4.png,ते
page_8_line_1_word_5.png,२०
page_8_line_1_word_6.png,वर्षांचे
page_8_line_1_word_7.png,होत
page_8_line_1_word_8.png,असताना
page_8_line_1_word_9.png,महाराष्ट्रात
page_8_line_1_word_10.png,या
page_8_line_1_word_11.png,घटना
page_8_line_1_word_12.png,घडत
page_8_line_2_word_1.png,होत्या.
page_8_line_2_word_2.png,सातारा
page_8_line_2_word_3.png,जिल्ह्यात
page_8_line_2_word_4.png,त्याच
page_8_line_2_word_5.png,प्रकारच्या
page_8_line_2_word_6.png,हालचाली
page_8_line_2_word_7.png,चालू
page_8_line_2_word_8.png,होत्या.
page_8_line_2_word_9.png,सातारा
page_8_line_2_word_10.png,जिल्ह्यात
page_8_line_3_word_1.png,विकसित
page_8_line_3_word_2.png,इालेल्या
page_8_line_3_word_3.png,सत्यश्नोधक-ब्राह्मणेतर
page_8_line_3_word_4.png,विचारांच्या
page_8_line_3_word_5.png,संस्कारात
page_8_line_3_word_6.png,क्रांतिसिंह
page_8_line_3_word_7.png,घडत
page_8_line_4_word_1.png,होते.
page_8_line_4_word_2.png,राजक्रीय
page_8_line_4_word_3.png,क्षेत्रात
page_8_line_4_word_4.png,होणाऱ्या
page_8_line_4_word_5.png,बदलांचे
page_8_line_4_word_6.png,परिणामही
page_8_line_4_word_7.png,त्यांच्यावर
page_8_line_4_word_8.png,होत
page_8_line_4_word_9.png,होते.
page_8_line_5_word_1.png,काँग्रेसपेक्षा
page_8_line_5_word_2.png,किती
page_8_line_5_word_3.png,तरी
page_8_line_5_word_4.png,जास्त
page_8_line_5_word_5.png,प्रमाणात
page_8_line_5_word_6.png,कष्टकरी
page_8_line_5_word_7.png,जाती-जमातींच्या
page_8_line_5_word_8.png,बाजूची
page_8_line_5_word_9.png,भूमिका
page_8_line_6_word_1.png,ब्राह्मणेतर
page_8_line_6_word_2.png,संघाचे
page_8_line_6_word_3.png,प्रतिनिधी
page_8_line_6_word_4.png,घेत
page_8_line_6_word_5.png,होते.
page_8_line_6_word_6.png,श्री.
page_8_line_6_word_7.png,नवले
page_8_line_6_word_8.png,यांनी
page_8_line_6_word_9.png,१६
page_8_line_6_word_10.png,रुपये
page_8_line_6_word_11.png,चावडी
page_8_line_7_word_1.png,भरणाऱ्यांपर्यंत
page_8_line_7_word_2.png,मतदानाचा
page_8_line_7_word_3.png,हक्क
page_8_line_7_word_4.png,आणून
page_8_line_7_word_5.png,मतदान
page_8_line_7_word_6.png,जास्त
page_8_line_7_word_7.png,व्यापक
page_8_line_7_word_8.png,होण्याची
page_8_line_7_word_9.png,मागणी
page_8_line_8_word_1.png,केली
page_8_line_8_word_2.png,होती.
page_8_line_8_word_3.png,१९२५
page_8_line_8_word_4.png,साली
page_8_line_8_word_5.png,ब्राह्मणेतर
page_8_line_8_word_6.png,सदस्याने
page_8_line_8_word_7.png,कुळांच्या
page_8_line_8_word_8.png,बाजूचे
page_8_line_8_word_9.png,एक
page_8_line_8_word_10.png,बिल
page_8_line_8_word_11.png,आणले.
page_8_line_9_word_1.png,खंड
page_8_line_9_word_2.png,दिला
page_8_line_9_word_3.png,नाही
page_8_line_9_word_4.png,म्हणून
page_8_line_9_word_5.png,कुळावर
page_8_line_9_word_6.png,दंड
page_8_line_9_word_7.png,लादण्याचा
page_8_line_9_word_8.png,जमीनदाराचा
page_8_line_9_word_9.png,अधिकार
page_8_line_9_word_10.png,काढून
page_8_line_10_word_1.png,घेण्याची
page_8_line_10_word_2.png,मागणी
page_8_line_10_word_3.png,करणारे
page_8_line_10_word_4.png,हे
page_8_line_10_word_5.png,बिल
page_8_line_10_word_6.png,होते.
page_8_line_10_word_7.png,त्याचबरोबर
page_8_line_10_word_8.png,१९२३
page_8_line_10_word_9.png,साली
page_8_line_10_word_10.png,कोकणातील
page_8_line_10_word_11.png,खोत
page_8_line_11_word_1.png,जमीनदारांकडून
page_8_line_11_word_2.png,त्रास
page_8_line_11_word_3.png,झाल्यामुळे
page_8_line_11_word_4.png,कुळांच्या
page_8_line_11_word_5.png,ज्या
page_8_line_11_word_6.png,समस्या
page_8_line_11_word_7.png,तयार
page_8_line_11_word_8.png,झाल्या
page_8_line_11_word_9.png,होत्या
page_8_line_11_word_10.png,त्यावर
page_8_line_12_word_1.png,उपाय
page_8_line_12_word_2.png,काढणारा
page_8_line_12_word_3.png,ठराव
page_8_line_12_word_4.png,सुर्वे
page_8_line_12_word_5.png,आणि
page_8_line_12_word_6.png,बोले
page_8_line_12_word_7.png,यांनी
page_8_line_12_word_8.png,कौन्सिलमधे
page_8_line_12_word_9.png,मांडला.
page_8_line_12_word_10.png,१९२६
page_8_line_12_word_11.png,साली
page_8_line_12_word_12.png,सी.
page_8_line_13_word_1.png,के.
page_8_line_13_word_2.png,बोले
page_8_line_13_word_3.png,यांनी
page_8_line_13_word_4.png,मांडलेले
page_8_line_13_word_5.png,'जोशी
page_8_line_13_word_6.png,बिल'
page_8_line_13_word_7.png,सर्वात
page_8_line_13_word_8.png,जास्त
page_8_line_13_word_9.png,वादग्रस्त
page_8_line_13_word_10.png,ठरले.
page_8_line_13_word_11.png,ब्राह्मण
page_8_line_13_word_12.png,जोशांना
page_8_line_14_word_1.png,ब्राह्मणेतरांचे
page_8_line_14_word_2.png,विधी
page_8_line_14_word_3.png,करण्याचे
page_8_line_14_word_4.png,जे
page_8_line_14_word_5.png,कायदेशीर
page_8_line_14_word_6.png,हक्क
page_8_line_14_word_7.png,होते.
page_8_line_14_word_8.png,ते
page_8_line_14_word_9.png,संपवण्याची
page_8_line_14_word_10.png,मागणी
page_8_line_14_word_11.png,यामधे
page_8_line_15_word_1.png,होती.
page_8_line_15_word_2.png,हे
page_8_line_15_word_3.png,बिल
page_8_line_15_word_4.png,शेवटी
page_8_line_15_word_5.png,कौन्सिलात
page_8_line_15_word_6.png,मंजूर
page_8_line_15_word_7.png,झाले.
page_8_line_15_word_8.png,पण
page_8_line_15_word_9.png,'केसरी'सारख्या
page_8_line_15_word_10.png,"(मराठा',"
page_8_line_16_word_1.png,'भाला')
page_8_line_16_word_2.png,वर्तमानपत्र्गंनी
page_8_line_16_word_3.png,या
page_8_line_16_word_4.png,निर्णयावर
page_8_line_16_word_5.png,टीका
page_8_line_16_word_6.png,केली.
page_8_line_16_word_7.png,जोश्ञांना
page_8_line_16_word_8.png,नुकसान
page_8_line_16_word_9.png,भरपाई
page_8_line_17_word_1.png,देण्याची
page_8_line_17_word_2.png,मागणी
page_8_line_17_word_3.png,केली.
page_8_line_17_word_4.png,साताऱ्याच्या
page_8_line_17_word_5.png,काँग्रेसचे
page_8_line_17_word_6.png,नेते
page_8_line_17_word_7.png,श्री.
page_8_line_17_word_8.png,आर.
page_8_line_17_word_9.png,जी.
page_8_line_17_word_10.png,सोमण
page_8_line_17_word_11.png,यांनी
page_8_line_17_word_12.png,या
page_8_line_18_word_1.png,बिलाला
page_8_line_18_word_2.png,कडाडून
page_8_line_18_word_3.png,विरोध
page_8_line_18_word_4.png,केला.
page_8_line_19_word_1.png,क्रांतिसिंह
page_8_line_19_word_2.png,नाना
page_8_line_19_word_3.png,पाटलांच्या
page_8_line_19_word_4.png,व्यक्तिमत्वाची
