page_1_line_1.png,क्रांतिसिंहांच्या
page_1_line_2.png,ऐन
page_1_line_4.png,आणि
page_1_line_6.png,१९२८
page_1_line_7.png,-१९३०
page_1_line_8.png,ते
page_1_line_9.png,१९७६
page_1_line_10.png,पर्यंत
page_1_line_11.png,संपूर्ण
page_1_line_12.png,महाराष्ट्राला
page_1_line_13.png,गवसणी
page_1_line_14.png,घालणारे
page_1_line_15.png,एक
page_1_line_16.png,वादळ
page_1_line_17.png,मराठी
page_1_line_18.png,माणसांच्या
page_1_line_19.png,सामाजिक
page_1_line_20.png,राजकीय
page_1_line_21.png,आणि
page_1_line_22.png,सांस्कृतिक
page_1_line_23.png,जीवनामध्ये
page_1_line_24.png,घोंघावत
page_1_line_25.png,राहिले
page_1_line_26.png,क्रांतिसिह
page_1_line_27.png,नाना
page_1_line_28.png,पाटील
page_1_line_30.png,हे
page_1_line_31.png,या
page_1_line_32.png,वादळाचे
page_1_line_33.png,नाव
page_1_line_34.png,साधी
page_1_line_35.png,सुती
page_1_line_36.png,"लुंगी,"
page_1_line_37.png,सुती
page_1_line_38.png,नेहरू
page_1_line_39.png,शर्ट
page_1_line_41.png,आणि
page_1_line_42.png,धिप्पाड
page_1_line_43.png,शरीरयष्टी
page_1_line_44.png,या
page_1_line_45.png,वैशिष्ट्यांना
page_1_line_46.png,घेऊन
page_1_line_48.png,त्यांचे
page_1_line_49.png,व्यक्तिमत्त्व
page_1_line_50.png,मराठी
page_1_line_51.png,माणसांच्या
page_1_line_52.png,समुद्रात
page_1_line_53.png,माशासारखे
page_1_line_54.png,विहार
page_1_line_55.png,करीत
page_1_line_56.png,राहिले
page_1_line_57.png,शड्डू
page_1_line_58.png,ठोकल्याशिवाय
page_1_line_59.png,त्यांनी
page_1_line_60.png,कधीच
page_1_line_61.png,भाषणाला
page_1_line_62.png,सुरुवात
page_1_line_63.png,केली
page_1_line_64.png,नाही.
page_1_line_65.png,भाषण
page_1_line_66.png,सुरू
page_1_line_67.png,झाल्यावर
page_1_line_69.png,ऐकणाऱ्याला
page_1_line_70.png,भोवतालच्या
page_1_line_71.png,वास्तवाचे
page_1_line_72.png,भानच
page_1_line_73.png,राहू
page_1_line_74.png,नये
page_1_line_75.png,इतके
page_1_line_76.png,सततच
page_1_line_77.png,मंत्रमुग्ध
page_1_line_78.png,केले
page_1_line_79.png,त्यांच्याच
page_1_line_80.png,भाषणाला
page_1_line_81.png,स्त्रिया
page_1_line_82.png,पुरुष
page_1_line_85.png,५-१०
page_1_line_86.png,गावांमधून
page_1_line_88.png,बैलगाड्या
page_1_line_89.png,जुंपून
page_1_line_90.png,आलेले
page_1_line_91.png,उभ्या
page_1_line_93.png,महाराष्ट्राने
page_1_line_95.png,अनुभवले.
page_1_line_98.png,तास
page_1_line_99.png,चाललेले
page_1_line_100.png,भाषण
page_1_line_101.png,संपले
page_1_line_102.png,तरी
page_1_line_103.png,अजून
page_1_line_104.png,चालूच
page_1_line_105.png,राहावे
page_1_line_106.png,अशी
page_1_line_107.png,आस
page_1_line_108.png,जनतेला
page_1_line_109.png,त्यांच्या
page_1_line_110.png,भाषणाविषयी
page_1_line_111.png,नेहमीच
page_1_line_112.png,लागायची.
page_1_line_113.png,महाराष्ट्रातल्या
page_1_line_114.png,गावागावाने
page_1_line_115.png,नाना
page_1_line_116.png,पाटलांना
page_1_line_117.png,अंगाखांद्यावर
page_1_line_118.png,वागवले
page_1_line_119.png,त्यांना
page_1_line_121.png,लेझिमाच्या
page_1_line_122.png,बैलांच्या
page_1_line_123.png,घुंगरांच्या
page_1_line_124.png,तालात
page_1_line_125.png,मिरवणुकींमधून
page_1_line_126.png,मिरवले.
page_1_line_128.png,हजारो
page_1_line_129.png,कुटुंबांनी
page_1_line_131.png,त्यांना
page_1_line_134.png,जेवायला
page_1_line_135.png,घातले.
page_1_line_136.png,शेकडो
page_1_line_137.png,कुटुंबांनी
page_1_line_138.png,त्यांना
page_1_line_139.png,घरच्याप्रमाणे
page_1_line_140.png,आपल्या
page_1_line_141.png,घरांमध्ये
page_1_line_142.png,सामावून
page_1_line_143.png,घेतले
page_1_line_144.png,त्यांचे
page_1_line_145.png,विचार
page_1_line_146.png,हजारो
page_1_line_147.png,बाल
page_1_line_149.png,तरुण
page_1_line_150.png,मनांवर
page_1_line_151.png,संस्कार
page_1_line_152.png,करीत
page_1_line_153.png,गेले.
page_1_line_154.png,या
page_1_line_155.png,संस्कारातूनच
page_1_line_157.png,शेकडो
page_1_line_158.png,कार्यकर्ते
page_1_line_160.png,तयार
page_1_line_161.png,झाले.
page_1_line_163.png,जीवावर
page_1_line_164.png,उदार
page_1_line_165.png,होऊन
page_1_line_166.png,स्वातंत्र्यासाठी
page_1_line_168.png,लढणारे
page_1_line_169.png,अनेक
page_1_line_170.png,तरुण
page_1_line_171.png,क्रांतिवीर
page_1_line_172.png,त्यांच्या
page_1_line_173.png,विचारांच्या
page_1_line_174.png,प्रभावाने
page_1_line_175.png,घडत
page_1_line_176.png,गेले
page_1_line_177.png,राबणाऱ्या
page_1_line_178.png,जनतेच्या
page_1_line_179.png,कुशीतून
page_1_line_180.png,निपजलेले
page_1_line_181.png,शेकडो
page_1_line_182.png,अर्धशिक्षित
page_1_line_184.png,कार्यकर्ते
page_1_line_186.png,त्यांच्या
page_1_line_187.png,संस्कारांना
page_1_line_188.png,उराशी
page_1_line_190.png,कवटाळून
page_1_line_193.png,गावागावांना
page_1_line_194.png,घडवीत
page_1_line_195.png,गेले.
page_1_line_198.png,उभारत
page_1_line_199.png,गेले.
page_1_line_201.png,पुस्तके
page_1_line_202.png,वाचण्याबरोबर
page_1_line_203.png,जीवन
page_1_line_204.png,कसे
page_1_line_205.png,वाचायचे
page_1_line_206.png,याची
page_1_line_207.png,शाळा
page_1_line_208.png,क्रांतिसिह
page_1_line_210.png,नाना
page_1_line_211.png,पाटलांनी
page_1_line_212.png,४७-४८
page_1_line_213.png,वर्षे
page_1_line_214.png,सलगपणे
page_1_line_215.png,चालवली.
page_1_line_216.png,अनेक
page_1_line_217.png,चढउतार
page_1_line_218.png,त्यांच्या
page_1_line_219.png,जीवनातआले.
page_1_line_220.png,व्यक्तिगत
page_1_line_221.png,जीवनातही
page_1_line_222.png,अनेक
page_1_line_223.png,आघात
page_1_line_224.png,झेलावे
page_1_line_225.png,लागले.
page_1_line_226.png,आपले
page_1_line_227.png,म्हणवणाऱ्या
page_1_line_228.png,माणसांकडून
page_1_line_229.png,जखमा
page_1_line_230.png,सहन
page_1_line_231.png,कराव्या
page_1_line_232.png,लागल्या.
page_1_line_233.png,क्रांतिसिंहाच्या
page_1_line_234.png,चेहऱ्यावर
page_1_line_235.png,दुःख
page_1_line_236.png,कधी
page_1_line_237.png,दिसले
page_1_line_238.png,विनोदाने
page_1_line_239.png,पेरली
page_1_line_240.png,नाही.
page_1_line_242.png,घडवत
page_1_line_243.png,महात्मा
page_1_line_244.png,स्वतःच्या
page_1_line_245.png,त्यांनी
page_1_line_246.png,फुले
page_1_line_247.png,क्रांतिकारी
page_1_line_248.png,दुःखांवरही
page_1_line_249.png,राजर्षी
page_1_line_250.png,विचारच
page_1_line_251.png,विनोद
page_1_line_252.png,शाहू
page_1_line_253.png,आणि
page_1_line_254.png,"करीत,"
page_1_line_255.png,पेरला.
page_1_line_256.png,डॉ.
page_1_line_257.png,आशा
page_1_line_258.png,जनतेच्या
page_1_line_259.png,बाबासाहेब
page_1_line_260.png,पेरली.
page_1_line_261.png,दुःखांची
page_1_line_262.png,निराशा
page_1_line_263.png,आंबेडकरांच्या
page_1_line_264.png,उकलही
page_1_line_265.png,कधीच
page_2_line_1.png,पाटील
page_2_line_2.png,ते
page_2_line_3.png,होत
page_2_line_4.png,वर्षांचे
page_2_line_5.png,नाना
page_2_line_6.png,१७
page_2_line_7.png,घडत
page_2_line_8.png,२०
page_2_line_9.png,असताना
page_2_line_10.png,घटना
page_2_line_11.png,महाराष्ट्रात
page_2_line_12.png,या
page_2_line_13.png,जिल्ह्यात
page_2_line_14.png,होत्या.
page_2_line_15.png,जिल्ह्यात
page_2_line_16.png,होत्या.
page_2_line_17.png,हालचाली
page_2_line_18.png,सातारा
page_2_line_19.png,त्याच
page_2_line_20.png,प्रकारच्या
page_2_line_21.png,सातारा
page_2_line_22.png,चालू
page_2_line_23.png,इालेल्या
page_2_line_24.png,विकसित
page_2_line_26.png,क्रांतिसिंह
page_2_line_27.png,विचारांच्या
page_2_line_28.png,संस्कारात
page_2_line_29.png,घडत
page_2_line_30.png,क्षेत्रात
page_2_line_31.png,राजक्रीय
page_2_line_32.png,होते.
page_2_line_33.png,होत
page_2_line_34.png,होणाऱ्या
page_2_line_35.png,होते.
page_2_line_36.png,बदलांचे
page_2_line_37.png,परिणामही
page_2_line_38.png,त्यांच्यावर
page_2_line_39.png,किती
page_2_line_40.png,भूमिका
page_2_line_41.png,काँग्रेसपेक्षा
page_2_line_42.png,तरी
page_2_line_43.png,बाजूची
page_2_line_45.png,कष्टकरी
page_2_line_46.png,जास्त
page_2_line_47.png,प्रमाणात
page_2_line_48.png,चावडी
page_2_line_49.png,रुपये
page_2_line_50.png,संघाचे
page_2_line_51.png,ब्राह्मणेतर
page_2_line_52.png,घेत
page_2_line_53.png,प्रतिनिधी
page_2_line_54.png,नवले
page_2_line_55.png,यांनी
page_2_line_56.png,होते.
page_2_line_57.png,श्री.
page_2_line_58.png,१६
page_2_line_59.png,मागणी
page_2_line_60.png,भरणाऱ्यांपर्यंत
page_2_line_61.png,होण्याची
page_2_line_62.png,मतदानाचा
page_2_line_63.png,व्यापक
page_2_line_64.png,जास्त
page_2_line_65.png,हक्क
page_2_line_66.png,मतदान
page_2_line_67.png,आणून
page_2_line_68.png,आणले.
page_2_line_69.png,होती.
page_2_line_70.png,बिल
page_2_line_71.png,बाजूचे
page_2_line_72.png,केली
page_2_line_73.png,सदस्याने
page_2_line_74.png,ब्राह्मणेतर
page_2_line_75.png,साली
page_2_line_76.png,कुळांच्या
page_2_line_77.png,एक
page_2_line_78.png,१९२५
page_2_line_79.png,अधिकार
page_2_line_80.png,दिला
page_2_line_81.png,जमीनदाराचा
page_2_line_82.png,नाही
page_2_line_83.png,खंड
page_2_line_84.png,काढून
page_2_line_85.png,दंड
page_2_line_86.png,लादण्याचा
page_2_line_87.png,म्हणून
page_2_line_88.png,कुळावर
page_2_line_89.png,खोत
page_2_line_90.png,कोकणातील
page_2_line_91.png,घेण्याची
page_2_line_92.png,साली
page_2_line_93.png,त्याचबरोबर
page_2_line_94.png,करणारे
page_2_line_95.png,मागणी
page_2_line_96.png,होते
page_2_line_97.png,हे
page_2_line_98.png,बिल
page_2_line_99.png,१९२३
page_2_line_101.png,होत्या
page_2_line_102.png,जमीनदारांकडून
page_2_line_104.png,कुळांच्या
page_2_line_106.png,झाल्या
page_2_line_107.png,तयार
page_2_line_108.png,समस्या
page_2_line_109.png,ज्या
page_2_line_110.png,सी.
page_2_line_111.png,साली
page_2_line_113.png,बोले
page_2_line_114.png,सुर्वे
page_2_line_115.png,मांडला
page_2_line_116.png,आणि
page_2_line_117.png,१९२६
page_2_line_118.png,उपाय
page_2_line_121.png,जोशांना
page_2_line_122.png,ठरले.
page_2_line_123.png,के.
page_2_line_124.png,बोले
page_2_line_125.png,सर्वात
page_2_line_126.png,'जोशी
page_2_line_127.png,मांडलेले
page_2_line_128.png,यांनी
page_2_line_129.png,बिल'
page_2_line_130.png,ब्राह्मण
page_2_line_131.png,वादग्रस्त
page_2_line_132.png,जास्त
page_2_line_133.png,यामधे
page_2_line_134.png,मागणी
page_2_line_135.png,संपवण्याची
page_2_line_136.png,ब्राह्मणेतरांचे
page_2_line_137.png,ते
page_2_line_138.png,होते.
page_2_line_139.png,विधी
page_2_line_140.png,कायदेशीर
page_2_line_141.png,जे
page_2_line_142.png,करण्याचे
page_2_line_143.png,हक्क
page_2_line_144.png,होती.
page_2_line_145.png,हे
page_2_line_146.png,'केसरी'सारख्या
page_2_line_147.png,शेवटी
page_2_line_148.png,बिल
page_2_line_149.png,झाले.
page_2_line_150.png,कौन्सिलात
page_2_line_151.png,मंजूर
page_2_line_152.png,(मराठा'
page_2_line_153.png,पण
page_2_line_155.png,वर्तमानपत्र्गंनी
page_2_line_156.png,भरपाई
page_2_line_157.png,जोशांना
page_2_line_158.png,केली.
page_2_line_159.png,निर्णयावर
page_2_line_160.png,टीका
page_2_line_161.png,'भाला')
page_2_line_162.png,नुकसान
page_2_line_163.png,या
page_2_line_165.png,देण्याची
page_2_line_166.png,काँग्रेसचे
page_2_line_167.png,केली.
page_2_line_168.png,सोमण
page_2_line_169.png,नेते
page_2_line_170.png,मागणी
page_2_line_171.png,यांनी
page_2_line_172.png,जी.
page_2_line_173.png,श्री.
page_2_line_174.png,साताऱ्याच्या
page_2_line_175.png,आर.
page_2_line_176.png,या
page_2_line_177.png,कडाडून
page_2_line_178.png,विरोध
page_2_line_179.png,क्रांतिसिंह
page_2_line_180.png,व्यक्तिमत्वाची
page_2_line_181.png,होत
page_2_line_182.png,पाटलांच्या
page_2_line_183.png,नाना
page_2_line_184.png,घडण
page_2_line_185.png,असताना
page_2_line_186.png,स्पृश्य
page_2_line_187.png,ब्राह्मणेतर
page_2_line_188.png,आणि
page_2_line_189.png,यांची
page_2_line_190.png,आणि
page_2_line_191.png,सनातनी
page_2_line_192.png,ब्राह्मणांविरोधी
page_2_line_193.png,अस्पृश्य
page_2_line_194.png,समाज
page_2_line_195.png,ब्राह्मण्यवाद
page_2_line_196.png,आघाडीसुद्धा
page_2_line_197.png,होती.
page_2_line_198.png,त्यांच्यावर
page_2_line_199.png,करणारी
page_2_line_200.png,संस्कार
page_2_line_201.png,हे
page_2_line_202.png,तत्कालीन
page_2_line_203.png,'महारवतन'
page_2_line_204.png,महार
page_2_line_205.png,ठेवण्याचे
page_2_line_206.png,गुलामीत
page_2_line_207.png,पारंपरिक
page_2_line_208.png,होते.
page_2_line_209.png,ब्राह्मणी
page_2_line_210.png,ते
page_2_line_211.png,व्हावे
page_2_line_212.png,समाजाला
page_2_line_213.png,आणि
page_2_line_214.png,साधन
page_2_line_215.png,रद्द
page_2_line_216.png,जमीन
page_2_line_217.png,व्हावी
page_2_line_218.png,श्री.
page_2_line_219.png,डी.
page_2_line_220.png,घोलप
page_2_line_221.png,डी.
page_2_line_222.png,बिल
page_2_line_223.png,यांनी
page_2_line_224.png,आणले.
page_2_line_225.png,रयतावा
page_2_line_226.png,म्हणून
page_2_line_227.png,भास्करराव
page_2_line_228.png,ब्राह्मणेतर
page_2_line_229.png,प्रतिनिधींनी
page_2_line_230.png,बिलाला
page_2_line_231.png,पाठिंबा
page_2_line_232.png,जाधव
page_2_line_233.png,दिला.
page_2_line_234.png,डॉ.
page_2_line_235.png,या
page_2_line_236.png,प्रमुख
page_2_line_237.png,नंतर
page_2_line_238.png,या
page_2_line_239.png,बाबासाहेब
page_2_line_240.png,आंबेडकरांनी
page_2_line_241.png,हे
page_2_line_242.png,बिल
page_2_line_243.png,आणले
page_2_line_244.png,वेळेही
page_2_line_245.png,जमिनदारी
page_2_line_246.png,पार्श्वभूमी
page_2_line_247.png,असलेले
page_2_line_248.png,त्या
page_2_line_249.png,नवले
page_2_line_250.png,हे
page_2_line_251.png,प्रतिनिधी
page_2_line_252.png,सर्व
page_2_line_253.png,ब्राह्मणेतर
page_2_line_254.png,प्रतिनिधींनी
page_2_line_255.png,बिलाला
page_2_line_256.png,दिला.
page_2_line_257.png,पाठिंबा
page_2_line_258.png,वगळता
page_2_line_259.png,ब्रिटिश
page_2_line_260.png,सरकारने
page_2_line_261.png,दोन्ही
page_2_line_262.png,वेळा
page_2_line_263.png,विरोध
page_2_line_264.png,केला.
page_2_line_265.png,या
page_2_line_266.png,प्रस्तावाला
page_2_line_267.png,स्पृश्य
page_2_line_268.png,या
page_2_line_269.png,ब्राह्मणेतर
page_2_line_270.png,आघाडीच्या
page_2_line_271.png,दबावामुळेच
page_2_line_272.png,सर्व
page_2_line_273.png,साली
page_2_line_274.png,खात्यांमधील
page_2_line_275.png,सरकारी
page_2_line_276.png,१९२७
page_2_line_277.png,जागांमध्ये
page_2_line_278.png,कारकुनी
page_2_line_279.png,मागासवर्गीयांसाठी
page_2_line_280.png,आणि
page_2_line_281.png,ब्राह्मणेतरांसाठी)
page_2_line_282.png,(स्पृश्य
page_2_line_283.png,५०
page_2_line_284.png,अस्पृश्य
page_3_line_1.png,क्षेत्रातील
page_3_line_2.png,आणि
page_3_line_3.png,क्षेत्रातीलही
page_3_line_4.png,राजकीय
page_3_line_5.png,प्रतिगामी
page_3_line_6.png,काही
page_3_line_7.png,भूमिकांमुळे
page_3_line_8.png,ते
page_3_line_9.png,नेते
page_3_line_10.png,गांधींना
page_3_line_11.png,थोडक्यात
page_3_line_12.png,नव्हते.
page_3_line_13.png,असे
page_3_line_14.png,येईल
page_3_line_15.png,टिळकांचे
page_3_line_16.png,की
page_3_line_17.png,अनुयायी
page_3_line_18.png,मानायला
page_3_line_19.png,तयार
page_3_line_20.png,म्हणता
page_3_line_22.png,असलेली
page_3_line_23.png,ब्राह्मण्यवाद्यांबरोबर
page_3_line_24.png,तोडायला
page_3_line_25.png,त्यांची
page_3_line_26.png,सनातनी
page_3_line_27.png,नव्हते
page_3_line_28.png,नाळ
page_3_line_29.png,तयार
page_3_line_31.png,जनतेने
page_3_line_32.png,जनतेने
page_3_line_33.png,आपले
page_3_line_34.png,ब्राह्मणेतर
page_3_line_35.png,प्रतिनिधी
page_3_line_36.png,करण्यासाठी
page_3_line_37.png,अस्पृश्य
page_3_line_38.png,राज्य
page_3_line_39.png,राबणाऱ्या
page_3_line_41.png,नव्हते.
page_3_line_42.png,जनतेपर्यंत
page_3_line_43.png,पचनी
page_3_line_44.png,गांधींनी
page_3_line_45.png,हे
page_3_line_46.png,पाठवावेत
page_3_line_47.png,मंडळींच्या
page_3_line_48.png,पडत
page_3_line_49.png,या
page_3_line_50.png,मात्र
page_3_line_51.png,महात्मा
page_3_line_52.png,या
page_3_line_53.png,केली
page_3_line_54.png,ब्राह्मणेतर
page_3_line_55.png,भेटायला
page_3_line_56.png,होती.
page_3_line_57.png,धुरिणांना
page_3_line_58.png,घेतली
page_3_line_59.png,भूमिका
page_3_line_60.png,पोहोचण्याची
page_3_line_61.png,सुरुवात
page_3_line_62.png,विषयावरील
page_3_line_63.png,इतिहास'
page_3_line_64.png,शिंदे
page_3_line_65.png,रामजी
page_3_line_66.png,विठ्ठल
page_3_line_67.png,साली
page_3_line_68.png,'मराठ्यांचा
page_3_line_69.png,होती.
page_3_line_70.png,यांच्या
page_3_line_71.png,या
page_3_line_72.png,१९१८
page_3_line_73.png,कर्मवीर
page_3_line_74.png,"लट्ठे,"
page_3_line_75.png,अण्णासाहेब
page_3_line_76.png,ते
page_3_line_77.png,राहिले.
page_3_line_78.png,उपस्थित
page_3_line_79.png,ते
page_3_line_80.png,भाषणांना
page_3_line_81.png,सालापासून
page_3_line_82.png,१९२४
page_3_line_83.png,सर्व
page_3_line_84.png,भेटले
page_3_line_85.png,ठिकाणी
page_3_line_86.png,जेधे
page_3_line_87.png,केशवराव
page_3_line_88.png,आणि
page_3_line_89.png,पाटील
page_3_line_90.png,यांना
page_3_line_91.png,या
page_3_line_92.png,जाऊन
page_3_line_93.png,त्या
page_3_line_95.png,भाऊराव
page_3_line_97.png,सत्यशोधक-
page_3_line_98.png,नेतृत्वाखाली
page_3_line_99.png,जेधे
page_3_line_100.png,सालापर्यंत
page_3_line_101.png,केशवराव
page_3_line_102.png,प्रक्रियेतून
page_3_line_103.png,यांच्या
page_3_line_104.png,१९३०
page_3_line_105.png,गांधींच्या
page_3_line_106.png,काँग्रेसमधे
page_3_line_107.png,सामील
page_3_line_108.png,विभाग
page_3_line_109.png,ब्राह्मणेतर
page_3_line_110.png,चळवळीचा
page_3_line_111.png,म.
page_3_line_112.png,झाला.
page_3_line_113.png,एक
page_3_line_114.png,हे
page_3_line_115.png,पाटील
page_3_line_116.png,क्रांतिसिह
page_3_line_117.png,घेऊ
page_3_line_118.png,नेतृत्वाखाली
page_3_line_119.png,चळवळीत
page_3_line_120.png,सत्याग्रही
page_3_line_121.png,या
page_3_line_122.png,नाना
page_3_line_123.png,लागला.
page_3_line_124.png,भाग
page_3_line_125.png,ठेवणारी
page_3_line_126.png,खिळवून
page_3_line_127.png,लोकांना
page_3_line_128.png,हजारो
page_3_line_129.png,होते.
page_3_line_130.png,ब्राह्मणेतर
page_3_line_131.png,विभागापैकीच
page_3_line_132.png,एक
page_3_line_133.png,की
page_3_line_134.png,गांधी
page_3_line_135.png,की
page_3_line_136.png,शिवाजीमहाराज
page_3_line_137.png,भाषणे
page_3_line_138.png,करतानाछत्रपती
page_3_line_139.png,अशा
page_3_line_140.png,जय!
page_3_line_141.png,महात्मा
page_3_line_142.png,जय!
page_3_line_143.png,सुरु
page_3_line_144.png,स्री-पुरुष
page_3_line_145.png,'सर्वसामान्य'
page_3_line_146.png,खेड्यापाड्यांतील
page_3_line_147.png,ठोकायचे.
page_3_line_148.png,देऊन
page_3_line_149.png,गांधींच्या
page_3_line_150.png,घोषणा
page_3_line_151.png,शड्डू
page_3_line_153.png,अंमलबजावणी
page_3_line_154.png,धोरणाची
page_3_line_155.png,पोहोचवण्याच्या
page_3_line_156.png,संदेश
page_3_line_157.png,जनतेपर्यंत
page_3_line_158.png,स्वातंत्र्याचा
page_3_line_159.png,जरी
page_3_line_160.png,पुढारीपण
page_3_line_161.png,-सत्यशोधक
page_3_line_162.png,ब्राह्मणेतर
page_3_line_163.png,नसेल.
page_3_line_164.png,केली
page_3_line_165.png,कुणीच
page_3_line_166.png,क्रांतिसिंहांइतकी
page_3_line_167.png,जाती-
page_3_line_168.png,ब्राह्मणेतर
page_3_line_169.png,त्यांची
page_3_line_170.png,झाले
page_3_line_171.png,काँग्रेसमधे
page_3_line_172.png,तरी
page_3_line_173.png,सहभागी
page_3_line_174.png,राष्ट्रीय
page_3_line_175.png,राबणाऱ्या
page_3_line_176.png,भटांनो
page_3_line_177.png,मेळा।
page_3_line_178.png,छत्रपती
page_3_line_179.png,"त्यामुळेच,"
page_3_line_180.png,नाही.
page_3_line_181.png,तुटली
page_3_line_182.png,असलेली
page_3_line_183.png,जमातींबरोबर
page_3_line_184.png,'आला
page_3_line_185.png,नाळ
page_3_line_186.png,होईल
page_3_line_187.png,निकाल
page_3_line_188.png,राज्याचाही
page_3_line_189.png,'कुठेही
page_3_line_190.png,किंवा
page_3_line_191.png,रे
page_3_line_194.png,आला
page_3_line_195.png,भट
page_3_line_196.png,आडवा
page_3_line_197.png,पळा॥'
page_3_line_198.png,पळा
page_3_line_200.png,गेले
page_3_line_201.png,काँग्रेसमध्ये
page_3_line_202.png,जेधे
page_3_line_203.png,काढणारे
page_3_line_204.png,मेळा
page_3_line_205.png,छत्रपती
page_3_line_206.png,गाणी
page_3_line_207.png,अशी
page_3_line_208.png,जाईल
page_3_line_209.png,म्हणणारा
page_3_line_210.png,नाशाला'
page_3_line_211.png,पडले.
page_3_line_212.png,बाहेर
page_3_line_213.png,काँग्रेसमधून
page_3_line_214.png,'शेतकरी
page_3_line_215.png,आणि
page_3_line_216.png,स्वातंत्र्यानंतर
page_3_line_217.png,काढून
page_3_line_218.png,पक्ष '
page_3_line_219.png,कामगार
page_3_line_220.png,पुन्हा
page_3_line_221.png,मोठा)
page_3_line_222.png,की
page_3_line_223.png,(आणि
page_3_line_224.png,गेले.
page_3_line_225.png,मार्गाने
page_3_line_226.png,पाटील
page_3_line_227.png,क्रांतिसिंह
page_3_line_228.png,फारच
page_3_line_229.png,इतकाच
page_3_line_230.png,फरक
page_3_line_231.png,याच
page_3_line_232.png,नाना
page_3_line_233.png,कम्युनिस्ट
page_3_line_234.png,पुढे
page_3_line_235.png,काँग्रेसमधे
page_3_line_236.png,पाटील
page_3_line_237.png,आणि
page_3_line_238.png,गेले
page_3_line_239.png,जेधे
page_3_line_240.png,दुसर्‍यांदा
page_3_line_241.png,केशवराव
page_3_line_242.png,नाना
page_3_line_243.png,पुन्हा
page_3_line_244.png,राहिले.
page_3_line_245.png,क्रांतिकारी
page_3_line_246.png,चळवळीच्या
page_3_line_247.png,अखेरपर्यंत
page_3_line_248.png,कष्टकरी
page_3_line_249.png,प्रवेश
page_3_line_250.png,प्रवाहात
page_3_line_251.png,करून
page_3_line_252.png,पक्षात
page_3_line_253.png,दोन
page_3_line_254.png,आणखी
page_3_line_255.png,संस्कार
page_3_line_256.png,क्रांतिसिंहाच्या
page_3_line_257.png,महत्त्वाच्या
page_3_line_258.png,करणाऱ्या
page_3_line_259.png,मनावर
page_3_line_260.png,तरुण
page_3_line_261.png,सत्यशोधक
page_3_line_262.png,होती
page_3_line_263.png,त्यापैकी
page_3_line_264.png,होत्या.
page_3_line_265.png,जिल्ह्यात
page_3_line_266.png,प्रक्रिया
page_3_line_267.png,एक
page_3_line_268.png,चालू
page_3_line_269.png,सातारा
page_3_line_270.png,काळात
page_3_line_271.png,त्या
page_3_line_272.png,'काळे'
page_3_line_273.png,तालुक्‍यातील
page_3_line_274.png,जिल्ह्याच्या
page_3_line_275.png,तमाशांची.
page_3_line_276.png,सत्यशोधक
page_3_line_277.png,जलशांची
page_3_line_278.png,कराड
page_3_line_279.png,सातारा
page_3_line_280.png,पहिल्यांदा
page_3_line_281.png,सत्यशोधक
page_3_line_282.png,हे
page_3_line_283.png,घाडगे
page_3_line_284.png,शेतकरी
page_3_line_285.png,गावचे
page_3_line_286.png,रामचंद्र
page_3_line_287.png,सुरू
page_3_line_288.png,तमाशा
page_3_line_289.png,या
page_3_line_290.png,मराठा
page_3_line_291.png,चौथीपर्यंत
page_3_line_292.png,केवळ
page_3_line_293.png,येऊन
page_3_line_294.png,शेतकरी
page_3_line_295.png,होते.
page_3_line_296.png,पाईक
page_3_line_297.png,करणारे
page_3_line_298.png,गरीब
page_3_line_299.png,कुटुंबात
page_3_line_300.png,जन्माला
page_4_line_2.png,केला.
page_4_line_3.png,नेहगीच्या
page_4_line_4.png,पद्धतीने
page_4_line_5.png,ते
page_4_line_6.png,गांधींच्या
page_4_line_7.png,ठामपणे
page_4_line_8.png,जयजयकार
page_4_line_9.png,नावाचा
page_4_line_10.png,सुरू
page_4_line_11.png,शड्डू
page_4_line_12.png,मारून
page_4_line_13.png,गेली.
page_4_line_14.png,उधळली
page_4_line_15.png,जनतेशी
page_4_line_16.png,जिवंत
page_4_line_17.png,उभे
page_4_line_18.png,नाते
page_4_line_19.png,असे
page_4_line_20.png,असल्यामुळेच
page_4_line_21.png,क्रांतिसिंह
page_4_line_22.png,सभा
page_4_line_24.png,शकले.
page_4_line_25.png,आत्मविश्वासाने
page_4_line_26.png,जनतेच
page_4_line_27.png,खोलवर
page_4_line_28.png,मुळे
page_4_line_29.png,म्हणजे
page_4_line_30.png,पसरलेले
page_4_line_31.png,करू
page_4_line_32.png,धाडस
page_4_line_33.png,झाड
page_4_line_34.png,घटनेतून
page_4_line_35.png,हेच
page_4_line_36.png,सिद्ध
page_4_line_37.png,झाले
page_4_line_38.png,असे
page_4_line_39.png,निश्चितपणे
page_4_line_40.png,पाटील
page_4_line_41.png,येईल.
page_4_line_42.png,या
page_4_line_43.png,सत्य
page_4_line_44.png,नाना
page_4_line_45.png,म्हणता
page_4_line_46.png,नाना
page_4_line_47.png,जनतेच्या
page_4_line_48.png,रुजवलेले
page_4_line_49.png,गांधींच्या
page_4_line_50.png,पाटलांनीच
page_4_line_51.png,प्रेम
page_4_line_52.png,धोरणाचे
page_4_line_53.png,जनवादी
page_4_line_54.png,मनात
page_4_line_55.png,म.
page_4_line_56.png,या
page_4_line_57.png,आले.
page_4_line_58.png,दिसून
page_4_line_59.png,प्रत्यक्षात
page_4_line_60.png,गावोगावी
page_4_line_61.png,घ्यायचे
page_4_line_62.png,क्रांतिसिह
page_4_line_63.png,आधी
page_4_line_64.png,पुढार्‍यांसारखे
page_4_line_65.png,म्हणजे
page_4_line_66.png,सभा
page_4_line_67.png,आजच्या
page_4_line_68.png,दौरे
page_4_line_69.png,केलेले
page_4_line_70.png,करायचे
page_4_line_71.png,असे
page_4_line_72.png,आहेत.
page_4_line_74.png,पुढे
page_4_line_75.png,'कार्यकर्ते
page_4_line_76.png,नाही.
page_4_line_77.png,संघटित
page_4_line_78.png,गावातल्या
page_4_line_79.png,सभेचे
page_4_line_80.png,भेटून
page_4_line_81.png,सभेचा
page_4_line_82.png,केले
page_4_line_83.png,कार्यकर्त्यांना
page_4_line_84.png,संपूर्ण
page_4_line_85.png,आहे.
page_4_line_86.png,व्यासपीठ
page_4_line_87.png,प्रचार
page_4_line_88.png,गावात
page_4_line_89.png,तयार
page_4_line_90.png,पुढारी
page_4_line_91.png,आहेत.
page_4_line_92.png,लोक
page_4_line_93.png,लाऊडस्पीकर
page_4_line_94.png,आहे.
page_4_line_96.png,केला
page_4_line_97.png,मग
page_4_line_98.png,लावला
page_4_line_99.png,बघत
page_4_line_100.png,वाट
page_4_line_101.png,जमून
page_4_line_102.png,काँग्रेसमधली
page_4_line_103.png,येत
page_4_line_104.png,आहेत.
page_4_line_105.png,ठिकाणी
page_4_line_106.png,नव्हती.
page_4_line_108.png,सभेच्या
page_4_line_110.png,काळात
page_4_line_111.png,त्या
page_4_line_112.png,अवस्था
page_4_line_114.png,नव्हती.
page_4_line_115.png,खादीचे
page_4_line_116.png,कपडे
page_4_line_117.png,करीत
page_4_line_118.png,फिरण्यापलीकडे
page_4_line_119.png,काही
page_4_line_120.png,मंडळी
page_4_line_121.png,श्रीमंत
page_4_line_122.png,घालून
page_4_line_123.png,माणसे
page_4_line_124.png,काँग्रेस
page_4_line_125.png,जनतेपर्यंत
page_4_line_126.png,करणारी
page_4_line_127.png,पोहोचवण्याचे
page_4_line_128.png,खेड्यापाड्यांतल्या
page_4_line_129.png,त्या
page_4_line_130.png,काम
page_4_line_131.png,मोजण्याएवढीसुद्धा
page_4_line_132.png,बोटांवर
page_4_line_133.png,जिल्ह्यात
page_4_line_134.png,मोठ्या
page_4_line_135.png,सातारा
page_4_line_136.png,हाताच्या
page_4_line_137.png,एका
page_4_line_138.png,काळच्या
page_4_line_139.png,होते.
page_4_line_140.png,नव्हती.
page_4_line_141.png,प्रमुख
page_4_line_142.png,यात
page_4_line_143.png,अण्णा
page_4_line_145.png,वर्षांचे
page_4_line_146.png,शाळेत
page_4_line_147.png,प्राथमिक
page_4_line_148.png,नायकवाडी
page_4_line_149.png,क्रांतिवीर
page_4_line_150.png,-१०
page_4_line_151.png,८
page_4_line_152.png,असताना
page_4_line_153.png,नागनाथ
page_4_line_155.png,येत
page_4_line_156.png,घेण्यासाठी
page_4_line_157.png,वाळवे
page_4_line_158.png,वेळा
page_4_line_159.png,अनेक
page_4_line_160.png,क्रांतिसिंह
page_4_line_161.png,त्या
page_4_line_162.png,असत.
page_4_line_163.png,सभा
page_4_line_164.png,गावात
page_4_line_165.png,"असताना,"
page_4_line_166.png,आहे.
page_4_line_167.png,संदर्भात
page_4_line_168.png,बोलकी
page_4_line_169.png,आठवणही
page_4_line_170.png,त्यांची
page_4_line_171.png,विषयीची
page_4_line_172.png,अत्यंत
page_4_line_173.png,"""माळावरच्या"
page_4_line_174.png,या
page_4_line_176.png,'छत्रपती
page_4_line_177.png,पाटील येत
page_4_line_178.png,देवळाजवळ
page_4_line_179.png,की
page_4_line_180.png,मारुतीच्या
page_4_line_181.png,जय'
page_4_line_182.png,नाना
page_4_line_183.png,माता
page_4_line_184.png,'भारत
page_4_line_185.png,असत.
page_4_line_187.png,देत
page_4_line_188.png,घोषणा
page_4_line_189.png,की
page_4_line_190.png,गांधीकी
page_4_line_191.png,शिवाजीमहाराज
page_4_line_192.png,त्यांच्या
page_4_line_194.png,'महात्मा
page_4_line_195.png,जय'
page_4_line_196.png,असत.
page_4_line_197.png,जय'
page_4_line_198.png,अशा
page_4_line_203.png,घोषणा
page_4_line_204.png,असे.
page_4_line_205.png,झेंडा
page_4_line_206.png,ऐकून
page_4_line_207.png,काँग्रेसचा
page_4_line_208.png,मुले
page_4_line_209.png,च्याकडे
page_4_line_210.png,आम्ही
page_4_line_211.png,त्यां
page_4_line_212.png,एक
page_4_line_213.png,हातात
page_4_line_214.png,लहान
page_4_line_215.png,धावत
page_4_line_216.png,पहिल्यांदा
page_4_line_217.png,जो
page_4_line_218.png,जाई
page_4_line_219.png,झेंडा
page_4_line_220.png,ते
page_4_line_221.png,देत
page_4_line_222.png,आणि
page_4_line_223.png,हाती
page_4_line_224.png,त्यांच्या
page_4_line_225.png,मुलगा
page_4_line_226.png,जवळ
page_4_line_227.png,असू.
page_4_line_228.png,त्याच्या
page_4_line_229.png,जात
page_4_line_231.png,सर्वात
page_4_line_232.png,पुढे
page_4_line_233.png,फेरी
page_4_line_234.png,जोरदार
page_4_line_235.png,वेगाने
page_4_line_236.png,मी
page_4_line_237.png,सांगत.
page_4_line_238.png,त्याला
page_4_line_239.png,करून
page_4_line_240.png,सुरू
page_4_line_241.png,चालायला
page_4_line_242.png,उड्या
page_4_line_243.png,सर्वात
page_4_line_244.png,पोहोचत
page_4_line_245.png,नेहमीच
page_4_line_246.png,असे.
page_4_line_247.png,आधी
page_4_line_248.png,पाटील
page_4_line_249.png,सभेचा
page_4_line_250.png,मारत
page_4_line_251.png,नाना
page_4_line_252.png,स्वतःच्या
page_4_line_253.png,प्रचार
page_4_line_254.png,फेरी
page_4_line_255.png,फिरवून
page_4_line_256.png,मुलांची
page_4_line_257.png,करीत
page_4_line_258.png,"वेळी,"
page_4_line_259.png,गावभर
page_4_line_260.png,स्वतःच
page_4_line_261.png,असत
page_4_line_262.png,'आजअमक्या
page_4_line_263.png,अमक्या
page_4_line_266.png,ठिकाणी
page_4_line_267.png,आहे
page_4_line_268.png,पाटलाची
page_4_line_269.png,मोठ्या
page_4_line_270.png,संख्येने
page_4_line_271.png,नाना
page_4_line_272.png,सभा
page_4_line_273.png,त्याला
page_4_line_274.png,हजर
page_4_line_275.png,राहा'
page_4_line_276.png,असा
page_4_line_277.png,या
page_4_line_279.png,घोषणांचा
page_4_line_280.png,असे.
page_4_line_281.png,लोक
page_4_line_282.png,देऊन
page_4_line_283.png,बत्ती
page_4_line_284.png,उजेडाची
page_4_line_285.png,सोय
page_4_line_286.png,करीत.
page_4_line_287.png,आशय
page_4_line_288.png,एकदा
page_4_line_289.png,सभा
page_4_line_290.png,सुरू
page_4_line_291.png,झाली
page_4_line_292.png,की
page_4_line_293.png,यांचे
page_4_line_294.png,पाटील
page_4_line_295.png,अधिराज्यच
page_4_line_296.png,लोकांच्या
page_4_line_297.png,होई
page_4_line_298.png,नाना
page_4_line_299.png,देहभान
page_4_line_300.png,मनावर
page_4_line_301.png,तयार
page_4_line_302.png,पुरुष
page_4_line_303.png,ऐकत.
page_4_line_304.png,खरे
page_4_line_305.png,हरपून
page_4_line_306.png,पाटील
page_4_line_307.png,तोंड
page_4_line_308.png,सभा
page_4_line_309.png,नाना
page_4_line_310.png,भाषणाला
page_4_line_311.png,उघडल्यावरच
page_5_line_1.png,प्रत्येक
page_5_line_2.png,असे.
page_5_line_3.png,प्रत्येक
page_5_line_4.png,"""असे"
page_5_line_5.png,मुलांना
page_5_line_6.png,फेरी
page_5_line_7.png,गावात
page_5_line_8.png,घडत
page_5_line_9.png,गावात
page_5_line_10.png,लहान
page_5_line_11.png,कळत.
page_5_line_12.png,जमवून
page_5_line_13.png,वर्षांची
page_5_line_14.png,मुले
page_5_line_15.png,होती
page_5_line_16.png,साली
page_5_line_17.png,असे.
page_5_line_18.png,जी
page_5_line_19.png,ती
page_5_line_20.png,होत
page_5_line_21.png,साली
page_5_line_22.png,१०-१२
page_5_line_23.png,३२
page_5_line_24.png,१९३०-
page_5_line_25.png,१९४२
page_5_line_26.png,२०-२२
page_5_line_28.png,झालेल्या
page_5_line_29.png,वाळवे
page_5_line_30.png,झाली.
page_5_line_31.png,पर्यंत
page_5_line_32.png,वर्षांची
page_5_line_33.png,संस्कारातून
page_5_line_34.png,१९४२
page_5_line_35.png,गावात
page_5_line_36.png,नागनाथ
page_5_line_37.png,क्रांतिकारक
page_5_line_38.png,शेळके
page_5_line_39.png,कार्यकर्ते
page_5_line_40.png,अशी
page_5_line_41.png,अहिर
page_5_line_42.png,किसन
page_5_line_43.png,"नायकवडी,"
page_5_line_44.png,खंडू
page_5_line_45.png,मंडळी
page_5_line_46.png,तयार
page_5_line_48.png,बाबुजी
page_5_line_49.png,नायकवडी
page_5_line_50.png,सर्वच
page_5_line_51.png,झाले
page_5_line_52.png,नसले
page_5_line_53.png,झाली.
page_5_line_54.png,तयार
page_5_line_55.png,कार्यकर्त्यांना
page_5_line_56.png,पोलिसांची
page_5_line_57.png,शस्त्रे
page_5_line_58.png,घेऊन
page_5_line_59.png,भीती
page_5_line_60.png,साली
page_5_line_61.png,तरी
page_5_line_62.png,लढणाऱ्या
page_5_line_63.png,न
page_5_line_64.png,बाळगता
page_5_line_65.png,१९४२
page_5_line_66.png,पुरवणारे
page_5_line_67.png,जेवण
page_5_line_68.png,सेवादल
page_5_line_69.png,"ठेवणारे,"
page_5_line_70.png,भूमिगत
page_5_line_71.png,त्यांना
page_5_line_72.png,गावात
page_5_line_73.png,आल्यावर
page_5_line_74.png,लपवून
page_5_line_76.png,कार्यकर्ते
page_5_line_77.png,करणारे
page_5_line_78.png,"चालवणारे,"
page_5_line_79.png,असंख्य
page_5_line_80.png,मंडळ
page_5_line_81.png,मदत
page_5_line_82.png,तयार
page_5_line_83.png,चालवायला
page_5_line_84.png,न्यायदान
page_5_line_85.png,फेरीत
page_5_line_86.png,कार्यकर्ता
page_5_line_87.png,क्रांतिसिंहांच्या
page_5_line_88.png,प्रत्येक
page_5_line_89.png,यापैकी
page_5_line_90.png,झाले.
page_5_line_91.png,लहानपणी
page_5_line_92.png,भाग
page_5_line_93.png,सभा
page_5_line_94.png,प्रचार
page_5_line_95.png,क्रांतीला
page_5_line_96.png,होता!
page_5_line_97.png,मातीतून
page_5_line_98.png,क्रांतिकारक
page_5_line_99.png,जिल्ह्याच्या
page_5_line_100.png,नक्कीच
page_5_line_101.png,घेणारा
page_5_line_102.png,आधार
page_5_line_103.png,सातारा
page_5_line_104.png,दाखवली.
page_5_line_105.png,पाटलांनी
page_5_line_106.png,किमया
page_5_line_107.png,हजारो
page_5_line_108.png,देणारे
page_5_line_109.png,लावण्याची
page_5_line_110.png,करून
page_5_line_111.png,नाना
page_5_line_112.png,उगवायला
page_5_line_113.png,हात
page_5_line_114.png,आहे.
page_5_line_115.png,मोठेपण
page_5_line_116.png,परिस्थितीत
page_5_line_117.png,हेच
page_5_line_118.png,कठीण
page_5_line_119.png,दाखवली.
page_5_line_120.png,अत्यंत
page_5_line_121.png,याची
page_5_line_122.png,मोठ्या
page_5_line_123.png,कसे
page_5_line_124.png,सभांमध्येसुद्धा
page_5_line_125.png,प्रभावी
page_5_line_126.png,क्रांतिसिंह
page_5_line_127.png,एक
page_5_line_128.png,असत
page_5_line_129.png,शहरातल्या
page_5_line_130.png,साली
page_5_line_131.png,आहे.
page_5_line_132.png,स्वातंत्र्यसैनिक
page_5_line_133.png,सांगितली
page_5_line_134.png,थोरात
page_5_line_135.png,यांनी
page_5_line_136.png,संभाजीराव
page_5_line_137.png,श्री.
page_5_line_138.png,आठवण
page_5_line_139.png,१९३७
page_5_line_140.png,निवडणुकांचा
page_5_line_141.png,विधानसभेच्या
page_5_line_142.png,होणाऱ्या
page_5_line_143.png,इंग्रज
page_5_line_144.png,संघटित
page_5_line_145.png,हुकमतीखाली
page_5_line_146.png,सरकारच्या
page_5_line_147.png,पाटील
page_5_line_148.png,काँग्रेसचे
page_5_line_149.png,होता.
page_5_line_150.png,बहे-बोरगावचे
page_5_line_151.png,उमेदवार
page_5_line_152.png,श्री.
page_5_line_153.png,प्रचार
page_5_line_154.png,आत्माराम
page_5_line_156.png,म्हणून
page_5_line_157.png,निवडणुकीला
page_5_line_158.png,होते.
page_5_line_159.png,उभे
page_5_line_160.png,कृष्णा-कोयनेच्या
page_5_line_161.png,वाळवंटीच
page_5_line_162.png,पं.
page_5_line_163.png,संगमावर
page_5_line_164.png,जवाहरलाल
page_5_line_165.png,नेहरूंची
page_5_line_166.png,आयोजित
page_5_line_167.png,नेहरूंचे
page_5_line_168.png,होती.
page_5_line_169.png,प्रभावी
page_5_line_170.png,झाली
page_5_line_171.png,आभार
page_5_line_172.png,झाल्यावर
page_5_line_173.png,सभा
page_5_line_174.png,भाषण
page_5_line_175.png,अमोघ
page_5_line_176.png,जनतेला
page_5_line_177.png,उभे
page_5_line_178.png,राहिलेल्या
page_5_line_179.png,भूमिका
page_5_line_180.png,पंडितजींची
page_5_line_181.png,पाटलांनी
page_5_line_182.png,मानायला
page_5_line_184.png,नाना
page_5_line_185.png,शेतकरी
page_5_line_186.png,घेतला.
page_5_line_187.png,जनतेच्या
page_5_line_188.png,भाषेत
page_5_line_189.png,पंडितजींच्या
page_5_line_190.png,सांगितली
page_5_line_191.png,त्यांनी
page_5_line_192.png,की
page_5_line_193.png,ठाव
page_5_line_194.png,मनाचा
page_5_line_195.png,जमले
page_5_line_196.png,हे
page_5_line_197.png,ठेवणे
page_5_line_198.png,लोकांना
page_5_line_199.png,खिळवून
page_5_line_200.png,नंतर
page_5_line_201.png,कुणालाच
page_5_line_202.png,दुसर्‍या
page_5_line_204.png,आचार्य
page_5_line_205.png,सभेची
page_5_line_206.png,कॉ.
page_5_line_207.png,पाटलांच्या
page_5_line_209.png,शांताराम
page_5_line_210.png,नाना
page_5_line_211.png,गरूड
page_5_line_212.png,एका
page_5_line_213.png,१९३८
page_5_line_214.png,आहे.
page_5_line_215.png,अर्थाने
page_5_line_216.png,ही
page_5_line_217.png,सांगितली
page_5_line_218.png,सालची
page_5_line_219.png,आहे
page_5_line_220.png,महत्त्वाची
page_5_line_221.png,दुसऱ्या
page_5_line_222.png,आठवण
page_5_line_223.png,एका
page_5_line_224.png,आठवण
page_5_line_225.png,पाहिजे.
page_5_line_226.png,नोंदवली
page_5_line_227.png,.ती
page_5_line_228.png,ती
page_5_line_229.png,अजूनही
page_5_line_230.png,अंगावर
page_5_line_231.png,मांस
page_5_line_232.png,म्हणून
page_5_line_233.png,आठवण
page_5_line_235.png,मुद्दाम
page_5_line_236.png,मूठभर
page_5_line_238.png,वसगडे
page_5_line_239.png,चढवते.
page_5_line_240.png,तालुक्‍यातील
page_5_line_241.png,वेळी
page_5_line_242.png,गावी
page_5_line_243.png,मी
page_5_line_244.png,मराठी
page_5_line_245.png,सातवीत
page_5_line_246.png,या
page_5_line_247.png,तासगाव
page_5_line_248.png,त्या
page_5_line_249.png,शिकत
page_5_line_250.png,सेवादल
page_5_line_251.png,होतो.
page_5_line_252.png,मी
page_5_line_253.png,आधीपासूनच
page_5_line_254.png,संघटनांत
page_5_line_255.png,करीत
page_5_line_256.png,युवक
page_5_line_257.png,व
page_5_line_258.png,त्या
page_5_line_259.png,काम
page_5_line_260.png,असल्याने
page_5_line_261.png,निरोप
page_5_line_262.png,पाटील
page_5_line_263.png,कोणीच
page_5_line_264.png,वेळी
page_5_line_265.png,मोठे
page_5_line_266.png,गावात
page_5_line_267.png,नाना
page_5_line_268.png,आल्याचा
page_5_line_269.png,मला
page_5_line_270.png,आला.
page_5_line_271.png,त्या
page_5_line_272.png,पुढारी
page_5_line_273.png,नव्हते.
page_5_line_274.png,आम्ही
page_5_line_275.png,मुलांनीच
page_5_line_276.png,सांगितले
page_5_line_277.png,'कोणी
page_5_line_278.png,नसले
page_5_line_279.png,त्यांना
page_5_line_280.png,तरी
page_5_line_281.png,गावात
page_5_line_282.png,म्हणून
page_5_line_284.png,आम्ही
page_5_line_285.png,जमवतो'
page_5_line_286.png,पाटीलही
page_5_line_287.png,आहे'
page_5_line_288.png,'ठीक
page_5_line_289.png,म्हणाले.
page_5_line_290.png,सभा
page_5_line_291.png,आमचा
page_5_line_292.png,उत्साह
page_5_line_293.png,पाहून
page_5_line_294.png,नाना
